COURSE_CODE,COURSE_TITLE,QUIZ GLOBAL TITLE ,GLOBAL QUIZ_CODE,GLOBAL QUIZ QUESTION_CODE,Quiz,option 1,answer,option2,answer,option 4,answer,option5,answer,option6,answer,option7,answer,,,,,,,,,,
même code par ligne de cours,Titre cours répétitif,,même code par ligne de cours,,question,choix de réponse,true/false,choix de réponse,true/false,choix de réponse,true/false,,true/false,,,,,,,,,,,,,,
FMPS_C001,التواصل المهني ,التواصل المهني  الاختبار النهائي,FMPS_C001_QG1,FMPS_C001_QG1_Q1,التواصل المهني يساهم في بناء علاقات قائمة على الاحترام المتبادل داخل بيئة العمل,صحيح,true ,خطأ,false ,,,,,,,,,,,,,,,,,,
FMPS_C001,التواصل المهني ,التواصل المهني  الاختبار النهائي,FMPS_C001_QG1,FMPS_C001_QG1_Q2,"""ما هو العنصر الأساسي في التواصل المهني الفعال؟
أ) تجاهل مشاعر الآخرين
ب) تبادل الأفكار والمشاعر باحترام
ج) إصدار الأوامر فقط""						",أ) تجاهل مشاعر الآخرين,false ,ب) تبادل الأفكار والمشاعر باحترام,true ,"ج) إصدار الأوامر فقط""",false ,,,,,,,,,,,,,,,,
FMPS_C001,التواصل المهني ,التواصل المهني  الاختبار النهائي,FMPS_C001_QG1,FMPS_C001_QG1_Q3,"من بين نتائج التواصل المهني الفعال؟
أ) إضعاف الثقة بين الزملاء
ب) تعزيز الفهم المتبادل
ج) تفاقم سوء الفهم",أ) إضعاف الثقة بين الزملاء,false ,ب) تعزيز الفهم المتبادل,true ,ج) تفاقم سوء الفهم,false ,,,,,,,,,,,,,,,,
FMPS_C001,التواصل المهني ,التواصل المهني  الاختبار النهائي,FMPS_C001_QG1,FMPS_C001_QG1_Q4,"من نتائج التواصل المهني داخل المؤسسة:
أ) الحد من التفاعل بين الأفراد
ب) زيادة الصراعات
ج) تبادل المعلومات والتعامل مع المشكلات",أ)  الحد من التفاعل بين الأفراد,false ,ب) زيادة الصراعات,false ,ج)تبادل المعلومات والتعامل مع المشكلات,true ,,,,,,,,,,,,,,,,
FMPS_C001,التواصل المهني ,التواصل المهني  الاختبار النهائي,FMPS_C001_QG1,FMPS_C001_QG1_Q5,التواصل المهني يقتصر فقط على احترام المساطر الإدارية دون الحاجة إلى مهارات تواصل شخصية,خطأ,false ,صحيح,true ,,,,,,,,,,,,,,,,,,
FMPS_C001,التواصل المهني ,التواصل المهني  الاختبار النهائي,FMPS_C001_QG1,FMPS_C001_QG1_Q6,,,,,,,,,,,,,,,,,,,,,,,
FMPS_C001,التواصل المهني ,التواصل المهني  الاختبار النهائي,FMPS_C001_QG1,FMPS_C001_QG1_Q7,لا علاقة للتواصل المهني بحل المشكلات التي قد تواجه الفريق,خطأ,false ,صحيح,true ,,,,,,,,,,,,,,,,,,
FMPS_C001,التواصل المهني ,التواصل المهني  الاختبار النهائي,FMPS_C001_QG1,FMPS_C001_QG1_Q8,يعتبر المستقبل مصدر الرسالة ويكون متحدثا بطريقة مباشرة أو  غير مباشرة عن طريق البريد أو الهاتف,خطأ,false ,صحيح,true ,,,,,,,,,,,,,,,,,,
FMPS_C001,التواصل المهني ,التواصل المهني  الاختبار النهائي,FMPS_C001_QG1,FMPS_C001_QG1_Q9,من اجل إنجاح عميلة التواصل من الضروري أن يكون المرسِل مدركا لمحتوى الرسالة  من أفكار ومعاني,صحيح,true ,خطأ,false ,,,,,,,,,,,,,,,,,,
FMPS_C001,التواصل المهني ,التواصل المهني  الاختبار النهائي,FMPS_C001_QG1,FMPS_C001_QG1_Q10,ضعف فهم الرسالة من طرف المستقبل قد يؤدي الى فشل تحقيق الأهداف المشتركة,صحيح,true ,خطأ,false ,,,,,,,,,,,,,,,,,,
FMPS_C001,التواصل المهني ,التواصل المهني  الاختبار النهائي,FMPS_C001_QG1,FMPS_C001_QG1_Q11,المستقبل له دور في عملية التواصل ,خطأ,false ,صحيح,true ,,,,,,,,,,,,,,,,,,
FMPS_C001,التواصل المهني ,التواصل المهني  الاختبار النهائي,FMPS_C001_QG1,FMPS_C001_QG1_Q12," من بين المعيقات التنظيمية؟
أ) التوجيهات السلبية
ب) اللغات واللهجات المختلفة
ج) وجود أوضاع غير مستقرة",أ) التوجيهات السلبية,false ,ب) اللغات واللهجات المختلفة,false ,ج) وجود أوضاع غير مستقرة,true ,,,,,,,,,,,,,,,,
FMPS_C001,التواصل المهني ,التواصل المهني  الاختبار النهائي,FMPS_C001_QG1,FMPS_C001_QG1_Q13,"""ماهو المعوق البيئي الذي قد ينشأ بسبب موقع المؤسسة؟
أ) البعد الجغرافي
ب) التوجيهات السلبية
ج) وجود علاقة سلبية""						",أ) البعد الجغرافي,true ,ب) التوجيهات السلبية,false ,"ج) وجود علاقة سلبية""",false ,,,,,,,,,,,,,,,,
FMPS_C001,التواصل المهني ,التواصل المهني  الاختبار النهائي,FMPS_C001_QG1,FMPS_C001_QG1_Q14," أي من التالي يُعتبر من المعيقات الشخصية؟
أ) قلة الأنشطة الاجتماعية
ب) اختلاف الإدراك
ج) وجود أوضاع غير مستقرة",أ) قلة الأنشطة الاجتماعية,false ,ب) اختلاف الإدراك,true ,ج) وجود أوضاع غير مستقرة,false ,,,,,,,,,,,,,,,,
FMPS_C001,التواصل المهني ,التواصل المهني  الاختبار النهائي,FMPS_C001_QG1,FMPS_C001_QG1_Q15,"وجود علاقة إيجابية بين الأفراد يعد من معيقات التواصل الشخصية						",خطأ,false ,صحيح,true ,,,,,,,,,,,,,,,,,,
FMPS_C001,التواصل المهني ,التواصل المهني  الاختبار النهائي,FMPS_C001_QG1,FMPS_C001_QG1_Q16,"""أي من الوسائل التالية يعتبر وسيلة تواصل غير لفظية؟
أ. البريد الإلكتروني
ب. الاتصال الهاتفي
ج. تعبيرات الوجه ""                                                ",أ. البريد الإلكتروني,false ,ب. الاتصال الهاتفي,false ,"ج. تعبيرات الوجه """,true ,,,,,,,,,,,,,,,,
FMPS_C001,التواصل المهني ,التواصل المهني  الاختبار النهائي,FMPS_C001_QG1,FMPS_C001_QG1_Q17,تعتبر الوسائل الالكترونية هي وسيلة التواصل المعمول بها داخل أغلب المؤسسات,خطأ,false ,صحيح,true ,,,,,,,,,,,,,,,,,,
FMPS_C001,التواصل المهني ,التواصل المهني  الاختبار النهائي,FMPS_C001_QG1,FMPS_C001_QG1_Q18,من سلبيات الوسائل الكتابية أنها بطيئة في ايصال المعلومة واحتمال الفهم الخاطئ لها,صحيح,true ,خطأ,false ,,,,,,,,,,,,,,,,,,
FMPS_C001,التواصل المهني ,التواصل المهني  الاختبار النهائي,FMPS_C001_QG1,FMPS_C001_QG1_Q19,هل التواصل العمودي يمكن أن يكون تصاعديا,صحيح,true ,خطأ,false ,,,,,,,,,,,,,,,,,,
FMPS_C001,التواصل المهني ,التواصل المهني  الاختبار النهائي,FMPS_C001_QG1,FMPS_C001_QG1_Q20,"ماهو نوع التواصل الذي يتم بين أفراد في نفس المستوى الوظيفي؟
أ. عمودي
ب. أفقي
ج. تنازلي
د. تصاعدي",أ. عمودي,false ,ب. أفقي,true ,ج. تنازلي,false ,د. تصاعدي,false ,,,,,,,,,,,,,,
FMPS_C001,التواصل المهني ,التواصل المهني  الاختبار النهائي,FMPS_C001_QG1,FMPS_C001_QG1_Q21,"التواصل الذي يبدأ من الأسفل إلى الأعلى يسمى:
أ. أفقي
ب. تنازلي
ج. تصاعدي",أ. أفقي,false ,ب. تنازلي,false ,ج. تصاعدي,true ,,,,,,,,,,,,,,,,
FMPS_C001,التواصل المهني ,التواصل المهني  الاختبار النهائي,FMPS_C001_QG1,FMPS_C001_QG1_Q22,يشير التواصل الأفقي إلى الاتصالات بين المستويات المختلفة في السلم الإداري,خطأ,false ,صحيح,true ,,,,,,,,,,,,,,,,,,
FMPS_C001,التواصل المهني ,التواصل المهني  الاختبار النهائي,FMPS_C001_QG1,FMPS_C001_QG1_Q23,يعتبر التواصل الذي يربط بين الإدارة والمربي تواصلا تربويا فقط,خطأ,false ,صحيح,true ,,,,,,,,,,,,,,,,,,
FMPS_C001,التواصل المهني ,التواصل المهني  الاختبار النهائي,FMPS_C001_QG1,FMPS_C001_QG1_Q24,"ماهي العبارات التي تعبر بدقة عن طبيعة التواصل التربوي كنوع من أنواع التواصل الرسمي؟
أ. هو تواصل غير رسمي بين التلاميذ داخل الفضاء المدرسي
ب. هو مجموع العلاقات المنظمة بين المربي وأولياء الأمور داخل فضاء مشترك
ج. هو تبادل اجتماعي يهدف للترفيه داخل المدرسة",أ. هو تواصل غير رسمي بين التلاميذ داخل الفضاء المدرسي,false ,ب. هو مجموع العلاقات المنظمة بين المربي وأولياء الأمور داخل فضاء مشترك,true ,ج. هو تبادل اجتماعي يهدف للترفيه داخل المدرسة,false ,,,,,,,,,,,,,,,,
FMPS_C001,التواصل المهني ,التواصل المهني  الاختبار النهائي,FMPS_C001_QG1,FMPS_C001_QG1_Q25,من بين عناصر الحوار الفعّال اختيار الكلمات المناسبة,صحيح,true ,خطأ,false ,,,,,,,,,,,,,,,,,,
FMPS_C001,التواصل المهني ,التواصل المهني  الاختبار النهائي,FMPS_C001_QG1,FMPS_C001_QG1_Q26,لغة الجسد لا تؤثر على فعالية التواصل ,خطأ,false ,صحيح,true ,,,,,,,,,,,,,,,,,,
FMPS_C001,التواصل المهني ,التواصل المهني  الاختبار النهائي,FMPS_C001_QG1,FMPS_C001_QG1_Q27,"ما هو العنصر الأساسي في مهارة التحدث والإقناع؟
أ. تجاهل الطرف الآخر
ب. اختيار الألفاظ المناسبة
ج. التحدث بسرعة",أ. تجاهل الطرف الآخر,false ,ب. اختيار الألفاظ المناسبة,true ,ج. التحدث بسرعة,false ,,,,,,,,,,,,,,,,
FMPS_C001,التواصل المهني ,التواصل المهني  الاختبار النهائي,FMPS_C001_QG1,FMPS_C001_QG1_Q28,"من بين الخيارات التالية ماهو الخيار الذي يساهم في كتابة فعالة؟
أ. استخدام عبارات عامية
ب. تجاهل الترقيم
ج. الدقة والوضوح في الجمل",أ. استخدام عبارات عامية,false ,ب. تجاهل الترقيم,false ,ج. الدقة والوضوح في الجمل,true ,,,,,,,,,,,,,,,,
FMPS_C001,التواصل المهني ,التواصل المهني  الاختبار النهائي,FMPS_C001_QG1,FMPS_C001_QG1_Q29,"ما الهدف الاساسي من انفتاح المؤسسة على محيطها
أ. التكيف مع المحيط
ب. توطيد الصلات مع الجهات الداعمة
ج. تقليد المؤسسات الاخرى",أ. التكيف مع المحيط,false ,ب. توطيد الصلات مع الجهات الداعمة,true ,ج. تقليد المؤسسات الاخرى,false ,,,,,,,,,,,,,,,,
FMPS_C001,التواصل المهني ,التواصل المهني  الاختبار النهائي,FMPS_C001_QG1,FMPS_C001_QG1_Q30,"من بين مظاهر الانفتاح الفعال للمؤسسة
أ. غياب التواصل مع الشركاء
ب. البحث عن شركاء جدد
ج. رفض المقترحات الجديدة",أ. غياب التواصل مع الشركاء,false ,ب. البحث عن شركاء جدد,true ,ج. رفض المقترحات الجديدة,false ,,,,,,,,,,,,,,,,
FMPS_C001,التواصل المهني ,التواصل المهني  الاختبار النهائي,FMPS_C001_QG1,FMPS_C001_QG1_Q31,"من الأفضل استخدام لغة عامية في التواصل المهني من أجل أن يفهم الطرف الاخر المقصود بوضوح						",خطأ,false ,صحيح,true ,,,,,,,,,,,,,,,,,,
FMPS_C001,التواصل المهني ,التواصل المهني  الاختبار النهائي,FMPS_C001_QG1,FMPS_C001_QG1_Q32,"""ماهو السلوك الذي يعزز التواصل الإيجابي داخل المؤسسة؟
أ. رفع الصوت
ب. احترام الآخرين
ج. الحديث بدون توقف""						",أ. رفع الصوت,false ,ب. احترام الآخرين,true ,"ج. الحديث بدون توقف""",false ,,,,,,,,,,,,,,,,
FMPS_C006,الملصقات التربوية  2024 ,الملصقات التربوية  2024  الاختبار النهائي,FMPS_C006_QG6,FMPS_C006_QG6_Q1,"صحيح او  خطأ:   الملصقات التربوية  هي بمثابة وسيلة  تقوم على تسهيل الفهم لدى الأطفال و المربيين بالخصوص
",خطأ,false ,صحيح,true ,,,,,,,,,,,,,,,,,,
FMPS_C006,الملصقات التربوية  2024 ,الملصقات التربوية  2024  الاختبار النهائي,FMPS_C006_QG6,FMPS_C006_QG6_Q2,"صحيح او  خطأ:   الملصقات التربوية  وسيلة  بصرية تعبر على موضوع معين.
",صحيح,true ,خطأ,false ,,,,,,,,,,,,,,,,,,
FMPS_C006,الملصقات التربوية  2024 ,الملصقات التربوية  2024  الاختبار النهائي,FMPS_C006_QG6,FMPS_C006_QG6_Q3,"صحيح او  خطأ:  تعتبر الملصقات  الزمنية ، بمثابة ملصقات تربوية.

",صحيح,true ,خطأ,false ,,,,,,,,,,,,,,,,,,
FMPS_C006,الملصقات التربوية  2024,الملصقات التربوية  2024 الاختبار النهائي,FMPS_C006_QG6,FMPS_C006_QG6_Q4,"صحيح او  خطأ:  الملصقات الدائمة هي بمثابة ملصقات يتم الاعتماد عليها لبناء تعلمات الأطفال.
",صحيح,true ,خطأ,false ,,,,,,,,,,,,,,,,,,
FMPS_C006,الملصقات التربوية  2024,الملصقات التربوية  2024 الاختبار النهائي,FMPS_C006_QG6,FMPS_C006_QG6_Q5,"صحيح او  خطأ:  من بين ضمن الملصقات المؤقتة نجد ملصق المسؤوليات و ملصق الحضور .

",صحيح,true ,خطأ,false ,,,,,,,,,,,,,,,,,,
FMPS_C006,الملصقات التربوية  2024,الملصقات التربوية  2024 الاختبار النهائي,FMPS_C006_QG6,FMPS_C006_QG6_Q6,صحيح او  خطأ:    يشترط على المربي   وضع ملصق حالة الطقس و الحضور  على مقربة  رؤية الأطفال .,صحيح,true ,خطأ,false ,,,,,,,,,,,,,,,,,,
FMPS_C006,الملصقات التربوية  2024,الملصقات التربوية  2024 الاختبار النهائي,FMPS_C006_QG6,FMPS_C006_QG6_Q7,"صحيح او  خطأ:    في المستوى الأول يتوجب على المربي  عرض ملصق الاعداد من 1 الى 20  في ركن التجمع  خلال  بداية السنة الدراسية .
",خطأ,false ,صحيح,true ,,,,,,,,,,,,,,,,,,
FMPS_C006,الملصقات التربوية  2024,الملصقات التربوية  2024 الاختبار النهائي,FMPS_C006_QG6,FMPS_C006_QG6_Q8,"صحيح او  خطأ: يعتبر ملصق الحضورمن  بين الملصقات التربوية الدائمة. 
",صحيح,true ,خطأ,false ,,,,,,,,,,,,,,,,,,
FMPS_C006,الملصقات التربوية  2024,الملصقات التربوية  2024 الاختبار النهائي,FMPS_C006_QG6,FMPS_C006_QG6_Q9," إختر من بين العبارات المقترحة، تلك التي تبدو لك صحيحة:  ملصق الحضور يمكن الطفل   من  :
",التعرف على الاعداد,false , التعرف بطريقة تدريجية على اسماء الشخصية للأطفال الاخرين,true ,"التعرف على اسمه الشخصي،",true ,  زيادة الابداع لديه و الالتزام.,false ,,,,,,,,,,,,,,
FMPS_C006,الملصقات التربوية  2024,الملصقات التربوية  2024 الاختبار النهائي,FMPS_C006_QG6,FMPS_C006_QG6_Q10,"صحيح او  خطأ:   في المستوى الأول   يتم العمل  بملصق  الحضور على مرحلة واحدة ، إذ يقوم المربي  بوضع الملصق في ركن التجمع، و على الجميع القيام بالبحث عن بطاقة اسم المربي . 
",خطأ,false ,صحيح,true ,,,,,,,,,,,,,,,,,,
FMPS_C006,الملصقات التربوية  2024,الملصقات التربوية  2024 الاختبار النهائي,FMPS_C006_QG6,FMPS_C006_QG6_Q11,"صحيح او  خطأ:  ملصق الحضور   يتيح للأطفال مقارنة عدد الإناث والذكور المتواجدين داخل الفصل.
",صحيح,true ,خطأ,false ,,,,,,,,,,,,,,,,,,
FMPS_C006,الملصقات التربوية  2024,الملصقات التربوية  2024 الاختبار النهائي,FMPS_C006_QG6,FMPS_C006_QG6_Q12,"صحيح او  خطأ:  في مستوى التمهيدي الأول  و اثناء صنع ملصق الحضور  يتعين على المربي  اعتماد كتابة  CURSIVE  في اللغة الفرنسية.

",خطأ,false ,صحيح,true ,,,,,,,,,,,,,,,,,,
FMPS_C006,الملصقات التربوية  2024,الملصقات التربوية  2024 الاختبار النهائي,FMPS_C006_QG6,FMPS_C006_QG6_Q13,"من بين العبارات التالية، حدد تلك التي تبدو لك مناسبة:
 يُستند هدف ملصق الحضورفي المرحلة الثانية من المستوى التمهيدي الأول إلى النقاط التالية :



","عد الأطفال الحاضرين والغائبين،
",true , ترديد الحرف الاخير من اسم كل طفل,false ,تحديد أسماء الأطفال الموجودين,true ,تحديد أسماء الأطفال غير الموجودين,true ,التعرف على سم المربي,false ,,,,,,,,,,,,
FMPS_C006,الملصقات التربوية  2024,الملصقات التربوية  2024 الاختبار النهائي,FMPS_C006_QG6,FMPS_C006_QG6_Q14,"حدد من بين العبارات المولية، تلك التي تبدو لك صحيحة :

فيما يلي إعادة صياغة لمبدأ التدرج المتبع في ملصق الحضور لقسم الصغار:

",يتمكن الأطفال من التأكد من اختيارهم الصحيحة من خلال مطابقة الصورة الموجودة على ملصق الاعداد,false ," عند دخول الأطفال إلى القسم، يؤكد كل منهم حضوره بالبحث عن بطاقة تحمل اسمه",true ,يقوم الطفل الاكبر سنا  بعدّ الأطفال الحاضرين من خلال الإشارة إلى كل طفل,false ,"  إزالة الصورة من بطاقات الأسماء من قبل المربي و تعويضها برسومات و ارقام تعد اول خطوة يجب القيام بها، مما يتيح  لكل طفل التعرف على بطاقته  الشخصية",false ,,,,,,,,,,,,,,
FMPS_C006,الملصقات التربوية  2024,الملصقات التربوية  2024 الاختبار النهائي,FMPS_C006_QG6,FMPS_C006_QG6_Q15,"صحيح او  خطأ:  تحديد عدد الأطفال الحاضرين على شريط الأعداد يندرج ضمن الأهداف التي يسعى المربي الى تحقيقها  مع الاطفال في المرحلة الرابعة  من مستوى التمهيدي الأول.

",صحيح,true ,خطأ,false ,,,,,,,,,,,,,,,,,,
FMPS_C006,الملصقات التربوية  2024,الملصقات التربوية  2024 الاختبار النهائي,FMPS_C006_QG6,FMPS_C006_QG6_Q16,"صحيح او  خطأ:  في مستوى التمهيدي الأول  و خلال المرحلة الرابعة  يعتمد الطفل  في اللغة الفرنسية على وسائل تمكنه من عد الأطفال الغائبين من بينها نجد :
بطاقة الاسم مكتوبة ب cursive  مصحوبة برقم على الجانب

",خطأ,false ,صحيح,true ,,,,,,,,,,,,,,,,,,
FMPS_C006,الملصقات التربوية  2024,الملصقات التربوية  2024 الاختبار النهائي,FMPS_C006_QG6,FMPS_C006_QG6_Q17,"صحيح او  خطأ:  في مستوى التمهيدي الثاني خلال الفترة الزمنية الأولى (شتنبر) وبالنسبة للغة الفرنسية،  يتعين على المربي اعتماد   كتابة    
  La cursive  فقط .

",خطأ,false ,صحيح,true ,,,,,,,,,,,,,,,,,,
FMPS_C006,الملصقات التربوية  2024,الملصقات التربوية  2024 الاختبار النهائي,FMPS_C006_QG6,FMPS_C006_QG6_Q18,"صحيح او  خطأ:  من بين الصيغ التالية، حدد تلك التي تبدو لك صحيحة: 

في المرحلة الثالثة: يناير فبراير مارس ،الهدف المتوخى  هو :
 
", كتابة أسم المربي,false ,كتابة أسماء الحاضرين,false ,عد الأطفال الحاضرين,true , مقارنة عدد الاناث الحاضرات مع عدد الذكور,true ,تلوين أسماء الاطفال المسؤولين,false ,,,,,,,,,,,,
FMPS_C006,الملصقات التربوية  2024,الملصقات التربوية  2024 الاختبار النهائي,FMPS_C006_QG6,FMPS_C006_QG6_Q19,"صحيح او  خطأ:   الملصقات التربوية  هي بمثابة وسيلة  تقوم على تسهيل الفهم لدى الأطفال و المربيين بالخصوص
",خطأ,true ,صحيح,false ,,,,,,,,,,,,,,,,,,
FMPS_C006,الملصقات التربوية  2024,الملصقات التربوية  2024 الاختبار النهائي,FMPS_C006_QG6,FMPS_C006_QG6_Q20,"صحيح او  خطأ: ملصق المسؤوليات  يمكن الطفل من تحديد مسؤوليته داخل الفصل.
",صحيح,true ,خطأ,false ,,,,,,,,,,,,,,,,,,
FMPS_C006,الملصقات التربوية  2024,الملصقات التربوية  2024 الاختبار النهائي,FMPS_C006_QG6,FMPS_C006_QG6_Q21,"صحيح او  خطأ:  في نهاية فترة الأنشطة الاعتيادية على المربي القيام بتوزيع المهام على الأطفال وعد عدد الأطفال الحاضرين.
",خطأ,false ,صحيح,true ,,,,,,,,,,,,,,,,,,
FMPS_C006,الملصقات التربوية  2024,الملصقات التربوية  2024 الاختبار النهائي,FMPS_C006_QG6,FMPS_C006_QG6_Q22,"صحيح او  خطأ:  يمكن  للطفل  المسؤول القيام   بتوزيع الأدوات و جمعها و وضعها في الركن المخصص لها .
",صحيح,true ,خطأ,false ,,,,,,,,,,,,,,,,,,
FMPS_C006,الملصقات التربوية  2024,الملصقات التربوية  2024 الاختبار النهائي,FMPS_C006_QG6,FMPS_C006_QG6_Q23,صحيح او  خطأ:  يمكن للمربي إجراء حوار مفتوح مع الأطفال حول المسؤوليات المُدرجة في الملصق .,صحيح,true ,خطأ,false ,,,,,,,,,,,,,,,,,,
FMPS_C006,الملصقات التربوية  2024,الملصقات التربوية  2024 الاختبار النهائي,FMPS_C006_QG6,FMPS_C006_QG6_Q24,"صحيح او  خطأ:  يقوم المربي بتوجيه كل طفل ليضع بطاقة اسمه أمام المهمة التي اختارها، وذلك لتعزيز شعوره بالمسؤولية والمشاركة. 

",صحيح,true ,خطأ,false ,,,,,,,,,,,,,,,,,,
FMPS_C006,الملصقات التربوية  2024,الملصقات التربوية  2024 الاختبار النهائي,FMPS_C006_QG6,FMPS_C006_QG6_Q25,"صحيح او  خطأ:  يتم توزيع المهام على كل طفل بناءً على جدول المسؤوليات، وذلك لضمان تعزيز ارتباطهم بكل مهمة على حدة.
",صحيح,true ,خطأ,false ,,,,,,,,,,,,,,,,,,
FMPS_C006,الملصقات التربوية  2024,الملصقات التربوية  2024 الاختبار النهائي,FMPS_C006_QG6,FMPS_C006_QG6_Q26,"صحيح او  خطأ:  يتضمن ملصق يومية القسم معلومات عن أيام الأسبوع وشهور السنة، بالإضافة إلى جدول المسؤوليات،
و يهدف هذا الملصق إلى تنظيم الأنشطة اليومية داخل القسم
",خطأ,false ,صحيح,true ,,,,,,,,,,,,,,,,,,
FMPS_C006,الملصقات التربوية  2024,الملصقات التربوية  2024 الاختبار النهائي,FMPS_C006_QG6,FMPS_C006_QG6_Q27,"صحيح او  خطأ:   يهدف ملصق اليومية إلى مساعدة الطفل  على  فهم مفهوم الزمن وتحديد موقعه داخل الوقت، مما يعزز شعوره
 بالترتيب والتنظيم.
",صحيح,true ,خطأ,false ,,,,,,,,,,,,,,,,,,
FMPS_C006,الملصقات التربوية  2024,الملصقات التربوية  2024 الاختبار النهائي,FMPS_C006_QG6,FMPS_C006_QG6_Q28,"صحيح او  خطأ:   بتوجيه من المربي، يقوم الطفل المسؤول بتحديد تاريخ اليوم الدراسي خلال فترة الأنشطة الاعتيادية، 
مما يعزز فهمه للتسلسل الزمني وإدراكه للوقت.
",صحيح,true ,خطأ,false ,,,,,,,,,,,,,,,,,,
FMPS_C006,الملصقات التربوية  2024,الملصقات التربوية  2024 الاختبار النهائي,FMPS_C006_QG6,FMPS_C006_QG6_Q29,"صحيح او  خطأ: يمكن لملصق اليومية أن يساعد الأطفال في التعرف على اليوم والرقم المرتبط به، كما يمكّنهم من تحديد الشهر والسنة .

",صحيح,true ,خطأ,false ,,,,,,,,,,,,,,,,,,
FMPS_C006,الملصقات التربوية  2024,الملصقات التربوية  2024 الاختبار النهائي,FMPS_C006_QG6,FMPS_C006_QG6_Q30," من بين العبارات التالية، حدد تلك التي تبدو لك صحيحة  : 
 يمكن التمييز بين أيام الأسبوع على الشريط بعدة طرق، منها:

",بربط كل يوم بلون معين,true ,تمييز الأيام من خلال الأحداث المرتبطة بها,true ,توظيف علامة تساهم في تعزيز عملية التذكر لدى الأطفال,true ,استخدام البيئة الخارجية المحيطة بالطفل كمؤشر,false ,الاستعانة  بمرجع يساعد في تثبيت المعلومات في ذاكرة الأطفال,true ,,,,,,,,,,,,
FMPS_C006,الملصقات التربوية  2024,الملصقات التربوية  2024 الاختبار النهائي,FMPS_C006_QG6,FMPS_C006_QG6_Q31,"صحيح او  خطأ:  خلال الفترة الزمنية الأولى شتنبر  وفي مستوى قسم الصغار، يُتوقع من الطفل قراءة الحروف التي تُكوّن اسم اليوم و اسم المربي ، مما يعزز مهاراته القرائية ويُسهم في إدراكه لمفهوم الوقت.
",خطأ,false ,صحيح,true ,,,,,,,,,,,,,,,,,,
FMPS_C006,الملصقات التربوية  2024,الملصقات التربوية  2024 الاختبار النهائي,FMPS_C006_QG6,FMPS_C006_QG6_Q32,"صحيح او  خطأ: يمكن للطفل التمييز بين الأشهر من خلال صور تُبرز الخصائص الفريدة والمميزات الخاصة بكل شهر، مما يُسهم في ترسيخ فهمه للتقويم وتنمية مهارات الملاحظة لديه.
",صحيح,true ,خطأ,false ,,,,,,,,,,,,,,,,,,
FMPS_C006,الملصقات التربوية  2024,الملصقات التربوية  2024 الاختبار النهائي,FMPS_C006_QG6,FMPS_C006_QG6_Q33,"صحيح او  خطأ: في المرحلة الثانية من مستوى التمهيدي الأول، يعتمد الطفل على عدة وسائل لتحديد تاريخ اليوم، وهي:
-شريط أيام الأسبوع، حيث تُستخدم الكتابة الفرنسية المعتمدة L’écriture en cursive                                                                                                                                                                                                                                               -بطاقات أيام الأسبوع
-بطاقات اسمائهم 

",خطأ,false ,صحيح,true ,,,,,,,,,,,,,,,,,,
FMPS_C006,الملصقات التربوية  2024,الملصقات التربوية  2024 الاختبار النهائي,FMPS_C006_QG6,FMPS_C006_QG6_Q34,"صحيح او  خطأ: في مستوى قسم الصغار، يهدف البرنامج إلى تعزيز قدرة الطفل على الربط بين مفاهيم الزمن والهوية الشخصية ويتوقع من الطفل في هذه المرحلة:
-تسمية اليوم الحالي.
-تحديد الحروف التي تتكون منها كلمة اليوم و الغد .
-التعرف على اسمه الشخصي

",خطأ,false ,صحيح,true ,,,,,,,,,,,,,,,,,,
FMPS_C006,الملصقات التربوية  2024,الملصقات التربوية  2024 الاختبار النهائي,FMPS_C006_QG6,FMPS_C006_QG6_Q35,"من بين العبارات التالية، حدد تلك التي تبدو لك صحيحة :  
في المرحلة الرابعة من مستوى قسم الصغار، يُعتمد على مجموعة من الوسائل التعليمية المتنوعة لتعزيز الإدراك الزمني لدى الأطفال، ومن بين هذه الوسائل:
",ملصق اليومية: يُساعد في تنظيم تسلسل الأحداث اليومية وتقديم مفهوم الزمن بطريقة مرئية.,true ,بطاقات أسماء الأطفال: تُستخدم لتعزيز التعرف على الأسماء الشخصية وإبراز الهوية الفردية لكل طفل.,false ,بطاقات صور الحيوانات : تُسهم في تمييز اسماء الحيوانات   وربطها بالأنشطة والأحداث المختلفة.,false ,شريط الأشهر: يعمل على ترسيخ مفاهيم التقويم والزمن عبر تسليط الضوء على أشهر,true ,,,,,,,,,,,,,,
FMPS_C006,الملصقات التربوية  2024,الملصقات التربوية  2024 الاختبار النهائي,FMPS_C006_QG6,FMPS_C006_QG6_Q36,"صحيح او  خطأ:   خلال المرحلة الرابعة في مستوى قسم الصغار يُطلب من الطفل المسؤول القيام بتحريك السهم على شريط أيام الأسبوع لتحديد اليوم المناسب  و البحث من بين البطاقات الموضوعة على الطاولة، عن البطاقة  التي اتوافق  اليوم المحدد.

",صحيح,true ,خطأ,false ,,,,,,,,,,,,,,,,,,
FMPS_C006,الملصقات التربوية  2024,الملصقات التربوية  2024 الاختبار النهائي,FMPS_C006_QG6,FMPS_C006_QG6_Q37,"صحيح او  خطأ:  ي المرحلة الرابعة من مستوى قسم الصغار، يُطلب من الطفل المسؤول أن يقوم بتحريك السهم على شريط أيام الأسبوع
 لتحديد اليوم الصحيح، ومن ثم البحث بين البطاقات الموضوعة على الطاولة عن البطاقة التي تتوافق مع اليوم الذي حدده. 

",صحيح,true ,خطأ,false ,,,,,,,,,,,,,,,,,,
FMPS_C006,الملصقات التربوية  2024,الملصقات التربوية  2024 الاختبار النهائي,FMPS_C006_QG6,FMPS_C006_QG6_Q38,"صحيح او  خطأ:  ي المرحلة الرابعة من المستوى التمهيدي الأول، يُستخدم ملصق اليومية الذي يحتوي على بطاقات الأيام والأشهر باللغة الفرنسية، والتي تكتب
بأسلوب الخط script ، مما يُسهّل تمييزها وفهمها لدى الأطفال
",خطأ,false ,صحيح,true ,,,,,,,,,,,,,,,,,,
FMPS_C006,الملصقات التربوية  2024,الملصقات التربوية  2024 الاختبار النهائي,FMPS_C006_QG6,FMPS_C006_QG6_Q39,"صحيح او  خطأ:  في مستوى التمهيدي الثاني، يُعمل مع الأطفال على ملصق اليومية بالطريقة التالية:
بالنسبة للغة الفرنسية، تُستخدم البطاقات المكتوبة بحروف كبيرة ( Majuscule)  ويُطلب من الطفل البحث عن بطاقة اليوم المناسب 
ووضعها تحت الاسم المطابق الموجود على الملصق، والذي يُكتب بأسلوب الكتابة    (SCRIPT)  
فهذا  النشاط   يُساهم في تعزيز مهارات الطفل على التعرف على الحروف والتمييز بين أساليب الكتابة المختلفة، مما يُطوّر قدرته على الربط
 بين المفاهيم اللغوية وتنظيم المعلومات بشكل بصري وتفاعلي.

",خطأ,false ,صحيح,true ,,,,,,,,,,,,,,,,,,
FMPS_C006,الملصقات التربوية  2024,الملصقات التربوية  2024 الاختبار النهائي,FMPS_C006_QG6,FMPS_C006_QG6_Q40,"صحيح او  خطأ:   في المرحلة الرابعة  أبريل، ماي، يونيو، يُطلب من الطفل تحقيق الهدف التالي: التعرف على التاريخ وكتابته بخط متصل، مع التأكد من تمكنه من استخدام أسلوب الكتابة ب (cursive) بالنسبة للغة الفرنسية. ويُعَد هذا النشاط خطوة مهمة لتطوير مهارات الكتابة والتعبير الذاتي لدى الطفل، إذ يُسهم في تعزيز دقة الكتابة وثبات الخط، بالإضافة إلى تمكينه من التعامل مع مختلف أساليب الخطوط
",صحيح,true ,خطأ,false ,,,,,,,,,,,,,,,,,,
FMPS_C006,الملصقات التربوية  2024,الملصقات التربوية  2024 الاختبار النهائي,FMPS_C006_QG6,FMPS_C006_QG6_Q41,"صحيح او  خطأ:في المرحلة الأولى (شتنبر) في قسم الصغار، يُطلب من الطفل المسؤول عن متابعة الطقس أن يقوم يوميًا بالنظر عبر النافذة وإجراء الملاحظات اللازمة لتحديد حالة الطقس.و يساعد هذا النشاط الطفل على تطوير مهارات الملاحظة وفهم البيئة المحيطة به، كما يُساهم في تنمية وعيه بالمناخ وتغيراته.

",صحيح,true ,خطأ,false ,,,,,,,,,,,,,,,,,,
FMPS_C006,الملصقات التربوية  2024,الملصقات التربوية  2024 الاختبار النهائي,FMPS_C006_QG6,FMPS_C006_QG6_Q42,"صحيح او  خطأ:  في المرحلة الأولى (شتنبر) وفي المستويين الأول والثاني، يُشجع الأطفال على وصف حالة الطقس باستخدام المفردات الملائمة؛ مثلاً: ""إنها تمطر"" أو"" il y a de la pluie""   ويهدف هذا النشاط إلى تنمية مهارات التعبير اللغوي وتعزيز الوعي البيئي لديهم.

",صحيح,true ,خطأ,false ,,,,,,,,,,,,,,,,,,
FMPS_C006,الملصقات التربوية  2024,الملصقات التربوية  2024 الاختبار النهائي,FMPS_C006_QG6,FMPS_C006_QG6_Q43,"صحيح او  خطأ:  خلال الفترة الزمنية الثانية (أكتوبر، نونبر، دجنبر) في قسم الصغار، يُتوقع من الطفل تحقيق الأهداف التالية:
استخدام جملة بسيطة للتعبير عن حالة الطقس، مثل ""هناك غيوم"" .
التعبير عن وجود الشمس أو الرياح باستخدام عبارات مناسبة 

",صحيح,true ,خطأ,false ,,,,,,,,,,,,,,,,,,
FMPS_C006,الملصقات التربوية  2024,الملصقات التربوية  2024 الاختبار النهائي,FMPS_C006_QG6,FMPS_C006_QG6_Q44,"صحيح او  خطأ:   في المرحلة الثالثة من مستوى قسم الصغار، يقوم المربي بمساعدة الأطفال على استخدام المفردات الملائمة للتعبير عن حالة الطقس وعلى سبيل المثال، يُطلب منهم وصف الجو باستخدام المعجم المناسب؛ كأن يقول الطفل: ""الجو بارد"" ويُترجم ذلك إلى الفرنسية بشكل صحيح مثل
 il fait froid

",صحيح,true ,خطأ,false ,,,,,,,,,,,,,,,,,,
FMPS_C006,الملصقات التربوية  2024,الملصقات التربوية  2024 الاختبار النهائي,FMPS_C006_QG6,FMPS_C006_QG6_Q45,"صحيح او  خطأ:   
في المستوى التمهيدي الأول في المرحلة السابعة، يُتوقع من الطفل أن يستخدم المفاهيم الدالة على درجات الحرارة، معتمدًا على وصف الحالة باستخدام معجم مناسب. 

",خطأ,false ,صحيح,true ,,,,,,,,,,,,,,,,,,
FMPS_C006,الملصقات التربوية  2024,الملصقات التربوية  2024 الاختبار النهائي,FMPS_C006_QG6,FMPS_C006_QG6_Q46," من بين العبارات التالية، حدد تلك التي تبدو لك صحيحة :

 في المرحلة الثالثة وفي مستوى قسم الصغار، تُستخدم مجموعة من الوسائل التعليمية خلال الأنشطة الاعتيادية لتحديد حالة الطقس، منها:

","مجسم دمية الصف الذي يُعتبر رمزًا يجذب انتباه الأطفال ويحفزهم على المشاركة.

",true ,ملصق الحضور: يُستخدم لتنظيم المعلومات اليومية .,false ,بطاقات صور تمثل الشمس: تساعد الأطفال على تمييز الأجواء المشمسة.,true ,"بطاقات صور المسؤوليات: تُستخدم لوصف حالات الطقس المختلفة مثل المطر، وتُعزز من تنظيم المسؤوليات لدى الأطفال.",false ,,,,,,,,,,,,,,
FMPS_C006,الملصقات التربوية  2024,الملصقات التربوية  2024 الاختبار النهائي,FMPS_C006_QG6,FMPS_C006_QG6_Q47,"صحيح او  خطأ: 
في مستوى التمهيدي الثاني، وخلال الفترة الزمنية الثانية (أكتوبر، نونبر، دجنبر)، يُتوقع من الطفل استخدام جمل مركبة و التي تمكنه  من وصف الظواهر  المؤثرة على البيئة  بدقة ووضوح .

",خطأ,false ,صحيح,true ,,,,,,,,,,,,,,,,,,
FMPS_C006,الملصقات التربوية  2024,الملصقات التربوية  2024 الاختبار النهائي,FMPS_C006_QG6,FMPS_C006_QG6_Q48,"صحيح او  خطأ: في المستوى التمهيدي الثاني وفي المرحلة الثالثة، يُتوقع من الطفل أن يُوظف المفاهيم المتعلقة بدرجة الحرارة لوصف الحالة الجوية ، مما يُساعده على تطوير قدراته اللغوية والإدراكية في مجال وصف الظواهر البيئية بدقة ووضوح.

",خطأ,false ,صحيح,true ,,,,,,,,,,,,,,,,,,
FMPS_C006,الملصقات التربوية  2024,الملصقات التربوية  2024 الاختبار النهائي,FMPS_C006_QG6,FMPS_C006_QG6_Q49," من بين الأهداف التالية، حدد تلك التي تبدو لك صحيحة: في المرحلة الرابعة (أبريل، ماي، يونيو)، يُتوقع من الطفل أن يقوم بالوصف باستخدام جمل متكاملة تتضمن العناصر الأساسية التالية:


","الفاعل: الذي يشير إلى من يقوم بالفعل.
",true ,الحدث: وهو ما يتم وصفه أو وقوعه.,false ,الصفة: التي تضيف تفاصيل وتوضح خصائص الحدث أو الفاعل.,true ,الوقت: لتحديد متى وقع الحدث.,false ,الفعل: الذي يعبر عن الحدث أو الفعل الذي يجري,true ,,,,,,,,,,,,
FMPS_C006,الملصقات التربوية  2024,الملصقات التربوية  2024 الاختبار النهائي,FMPS_C006_QG6,FMPS_C006_QG6_Q50,"صحيح او  خطأ:  خلال الفترة الزمنية الرابعة (أبريل، ماي، يونيو) عند تحديد حالة الطقس، يتم الاعتماد على مجموعة من الوسائل التعليمية المتنوعة. فمنها:
-ملصق حالة الطقس:الذي  يُعرض على شكل ملصق يوضح مختلف حالات الطقس بطريقة مرئية وجذابة.
-بطاقات جمل باللغة الفرنسية: تُكتب بأسلوب الكتابة script، حيث تحمل كل بطاقة جملة تصف حالة الطقس، مثل:
lle temps est nuageux
وهذه الوسائل لا تساعد الأطفال فقط على التعرف على المفردات والتراكيب اللغوية الخاصة بوصف الطقس، بل يُسهم أيضاً في تعزيز مهارات القراءة والربط بين المعلومات المرئية واللفظية.
",صحيح,true ,خطأ,false ,,,,,,,,,,,,,,,,,,
FMPS_C006,الملصقات التربوية  2024,الملصقات التربوية  2024 الاختبار النهائي,FMPS_C006_QG6,FMPS_C006_QG6_Q51,"صحيح او  خطأ:  يمكن للمربي أن يقوم بتنظيم  نقاشًا مع الأطفال حول مفهوم درجة الحرارة وعلاقتها بالملابس التي يرتدونها.

",صحيح,true ,خطأ,false ,,,,,,,,,,,,,,,,,,
FMPS_C006,الملصقات التربوية  2024,الملصقات التربوية  2024 الاختبار النهائي,FMPS_C006_QG6,FMPS_C006_QG6_Q52,"صحيح او  خطأ:يمكن للمربي أن يساعد الأطفال على التعبير عن حالة الطقس باستخدام جملة بسيطة مثل ""الطقس ممطر"" ويُسهم هذا النشاط في تعزيز مهارات الأطفال اللغوية وربط المفردات بالصورة والمعنى، مما يُعمّق فهمهم لمفهوم الطقس.
",صحيح,true ,خطأ,false ,,,,,,,,,,,,,,,,,,
FMPS_C006,الملصقات التربوية  2024,الملصقات التربوية  2024 الاختبار النهائي,FMPS_C006_QG6,FMPS_C006_QG6_Q53,"صحيح او  خطأ: يمكن استغلال ملصق فصول السنة كأداة تعليمية لتعريف الأطفال بالملابس المناسبة لكل فصل ويعمل هذا الملصق على توضيح الفروق بين الفصول المختلفة، مما يساعد الأطفال على الربط بين التغيرات المناخية والاحتياجات المرتبطة بالملابس.
",صحيح,true ,خطأ,false ,,,,,,,,,,,,,,,,,,
FMPS_C006,الملصقات التربوية  2024,الملصقات التربوية  2024 الاختبار النهائي,FMPS_C006_QG6,FMPS_C006_QG6_Q54,"صحيح او  خطأ:  يمكن استخدام النشيد  مع الأطفال كوسيلة تفاعلية ممتعة للتعريف بفصول السنة الأربعة مما يساهم  في ربط المفاهيم الموسمية بالموسيقى والإيقاع، مما يجعل عملية التعلم أكثر جاذبية .
",صحيح,true ,خطأ,false ,,,,,,,,,,,,,,,,,,
FMPS_C006,الملصقات التربوية  2024,الملصقات التربوية  2024 الاختبار النهائي,FMPS_C006_QG6,FMPS_C006_QG6_Q55,"صحيح او  خطأ:  لجذب انتباه الأطفال، يمكن للمربي استخدام دمية القسم المتحركة كأداة تحفيزية، تشجعهم على التعرف على فصول السنة بطريقة ممتعة وتفاعلية .",صحيح,true ,خطأ,false ,,,,,,,,,,,,,,,,,,
FMPS_C006,الملصقات التربوية  2024,الملصقات التربوية  2024 الاختبار النهائي,FMPS_C006_QG6,FMPS_C006_QG6_Q56,"صحيح او  خطأ:  في إطار تنشيط ملصق الأعداد، يقوم المربي بتحفيز الأطفال على مراقبة الأشياء من حولهم بهدف الربط بين الأعداد والكميات، كما يشجعهم على ربط الأعداد بمجموعة الأطفال المسؤولين.
",صحيح,true ,خطأ,false ,,,,,,,,,,,,,,,,,,
FMPS_C006,الملصقات التربوية  2024,الملصقات التربوية  2024 الاختبار النهائي,FMPS_C006_QG6,FMPS_C006_QG6_Q57,"صحيح او  خطأ: في إطار تنشيط ملصق الأعداد، يقوم المربي بتحفيز الأطفال على مراقبة الأشياء من حولهم بهدف الربط بين الأعداد والكميات، كما يشجعهم على ربط الأعداد بمجموعة الأطفال المسؤولين.
",صحيح,true ,خطأ,false ,,,,,,,,,,,,,,,,,,
FMPS_C006,الملصقات التربوية  2024,الملصقات التربوية  2024 الاختبار النهائي,FMPS_C006_QG6,FMPS_C006_QG6_Q58,"صحيح او  خطأ:يساهم ملصق الحروف الهجائية في تمكين الأطفال من التعرف على الحروف والأشكال أثناء الأنشطة الاعتيادية، مما يُعزز من مهاراتهم اللغوية والإدراكية بطريقة ممتعة وتفاعلية.
",خطأ,false ,صحيح,true ,,,,,,,,,,,,,,,,,,
FMPS_C006,الملصقات التربوية  2024,الملصقات التربوية  2024 الاختبار النهائي,FMPS_C006_QG6,FMPS_C006_QG6_Q59,"صحيح او  خطأ: لتشجيع الأطفال على ترديد الحروف، يمكن للمربي استخدام نشيد تحفيزي مثل ""أنا القطار السريع"".فهو يعمل  على خلق   تجربة تفاعلية سهلة التذكر لدى الأطفال
",خطأ,false ,صحيح,true ,,,,,,,,,,,,,,,,,,
FMPS_C006,الملصقات التربوية  2024,الملصقات التربوية  2024 الاختبار النهائي,FMPS_C006_QG6,FMPS_C006_QG6_Q60,"صحيح او  خطأ:  خلال الأنشطة الاعتيادية، يُمكن للأطفال من خلال ملصق الألوان التعرف على أسماء الألوان وشهور السنة بطريقة مرئية وتفاعلية .
",خطأ,false ,صحيح,true ,,,,,,,,,,,,,,,,,,
FMPS_C006,الملصقات التربوية  2024,الملصقات التربوية  2024 الاختبار النهائي,FMPS_C006_QG6,FMPS_C006_QG6_Q61,"صحيح او  خطأ:  يعرض ملصق الألوان مجموعة متنوعة من الرسومات التي تُبرز مختلف الألوان بطريقة جذابة.

",صحيح,true ,خطأ,false ,,,,,,,,,,,,,,,,,,
FMPS_C006,الملصقات التربوية  2024,الملصقات التربوية  2024 الاختبار النهائي,FMPS_C006_QG6,FMPS_C006_QG6_Q62,"صحيح او  خطأ:  في المستوى الأول، يستطيع المربي عرض الألوان الأساسية، حيث يكون الأطفال قد تعرفوا على معظم الألوان في مستوى القسم الصغير، مما يساعد على ترسيخ معرفتهم وتمييزهم البصري

",خطأ,false ,صحيح,true ,,,,,,,,,,,,,,,,,,
FMPS_C006,الملصقات التربوية  2024,الملصقات التربوية  2024 الاختبار النهائي,FMPS_C006_QG6,FMPS_C006_QG6_Q63,"صحيح او  خطأ:   في المستوى الأول، يتم وضع ملصق الألوان في ركن التجمع مع بقية الملصقات المصنفة حسب موضوعات التعلم، مما يسهم في تعزيز بيئة تعليمية مرئية ومنظمة تساعد الأطفال على التعرف على الألوان والمفاهيم المرتبطة بها بسهولة
",صحيح,true ,خطأ,false ,,,,,,,,,,,,,,,,,,
FMPS_C006,الملصقات التربوية  2024,الملصقات التربوية  2024 الاختبار النهائي,FMPS_C006_QG6,FMPS_C006_QG6_Q64,"صحيح او  خطأ:  خلال فترة التنشيط المرتبطة بملصق الأشكال الهندسية، يقوم المربي بتحفيز الأطفال على ملاحظة الأشياء المحيطة وربطها بالأشكال الهندسية الموجودة، مما يساعدهم على ضبط وتحديد الأنماط المختلفة والتعرف على الخصائص البصرية للأشكال بطريقة عملية وتفاعلية.",صحيح,true ,خطأ,false ,,,,,,,,,,,,,,,,,,
FMPS_C006,الملصقات التربوية  2024,الملصقات التربوية  2024 الاختبار النهائي,FMPS_C006_QG6,FMPS_C006_QG6_Q65,"صحيح او  خطأ: يُعَدّ ملصق الأشكال الهندسية من الأدوات التربوية المؤقتة وغير الدائمة، ويحتوي الملصق على مجموعة متنوعة من الأشكال الهندسية مصحوبة بأسمائها، مما يساعد الأطفال على التعرف على هذه الأشكال وتثبيت معلوماتهم عنها بطريقة بصرية وجذابة

",خطأ,false ,صحيح,true ,,,,,,,,,,,,,,,,,,
FMPS_C006,الملصقات التربوية  2024,الملصقات التربوية  2024 الاختبار النهائي,FMPS_C006_QG6,FMPS_C006_QG6_Q66,"صحيح او  خطأ:  عندما يظهر سلوك غير مرغوب فيه لدى الأطفال، يمكن للمربي أن يعتمد على ملصق قواعد العيش كأداة توجيهية مستمرة فهذا الملصق لا يعمل فقط كمرجع فوري لإعادة التأكيد على المبادئ والسلوكيات المتوقعة، بل يُساعد أيضًا في ترسيخ قيم الانضباط والاحترام لدى الأطفال. فمن خلال الرجوع إليه باستمرار طوال اليوم، يُمكن للمربي تذكير الأطفال بالقواعد الأساسية التي تضمن بيئة تعليمية إيجابية ومنظمة، مما يُسهم في تقليل السلوكيات السلبية وتعزيز السلوكيات البناءة.
",صحيح,true ,خطأ,false ,,,,,,,,,,,,,,,,,,
FMPS_C006,الملصقات التربوية  2024,الملصقات التربوية  2024 الاختبار النهائي,FMPS_C006_QG6,FMPS_C006_QG6_Q67,"صحيح او  خطأ: يستخدم المربي ملصق قواعد العيش لتحسيس الأطفال بأهمية الالتزام بالسلوكيات والقواعد الأساسية داخل القسم وخارجه. من خلال هذا الملصق، يُعرّف المربي الأطفال بالمبادئ التي تساهم في خلق بيئة صفية منظمة وآمنة، ويشجعهم على تطبيقها في حياتهم اليومية، مما يعزز من سلوكهم الإيجابي والتعاوني
",صحيح,true ,خطأ,false ,,,,,,,,,,,,,,,,,,
FMPS_C006,الملصقات التربوية  2024,الملصقات التربوية  2024 الاختبار النهائي,FMPS_C006_QG6,FMPS_C006_QG6_Q68,"صحيح او  خطأ: تُعد الأنشطة الاعتيادية أداة تعليمية أساسية تعمل كمرجعية ثابتة تساعد الطفل على تطبيق ومواكبة التعلمات التي اكتسبها. فمن خلال تكرار هذه الأنشطة، يتمكن الطفل من ترسيخ المعلومات والمهارات بشكل فعّال، مما يعزز من قدرته على استيعاب المحتوى وتطبيقه في مواقف الحياة اليومية.
",صحيح,true ,خطأ,false ,,,,,,,,,,,,,,,,,,
FMPS_C006,الملصقات التربوية  2024,الملصقات التربوية  2024 الاختبار النهائي,FMPS_C006_QG6,FMPS_C006_QG6_Q69,"من بين العبارات التالية، حدد تلك التي تبدو لك صحيحة: على المربي  احترام المعايير الخاصة بكل ملصق،  وتحضيره بشكل مناسب لتحقيق الأهداف المرجوة ،  مع الأخذ بعين الاعتبار المستوى المستوى المستهدف

", طريقة تنظيمه,true ,طريقة  تلصيقه,false , طريقة  عرضه,true ,طريقة استعماله من طرف الأطفال,true ,طريقة  تقديمه,false , طريقة  رسمه,false ,,,,,,,,,,
FMPS_C006,الملصقات التربوية  2024,الملصقات التربوية  2024 الاختبار النهائي,FMPS_C006_QG6,FMPS_C006_QG6_Q70,"صحيح او  خطأ: في المستوى الأول، يبدأ المربي السنة الدراسية باستخدام الملصقات التي تعتمد على كتابة الحروف الكبيرة (Capital) فقط. ومع مرور الوقت وتطور مهارات الأطفال، يتم إدخال عنصر جديد تدريجيًا؛ حيث تُضاف الكتابة بخط اليد (en Cursive) في نهاية السنة الدراسية.و هذا النهج التدريجي يُساهم في تيسير عملية التعلم، إذ يبدأ الأطفال بتعلم أشكال الحروف البسيطة والواضحة، ومن ثم ينتقلون إلى أشكال أكثر انسيابية وتفصيلًا، مما يعزز تطور مهاراتهم الكتابية بشكل ملحوظ ويساهم في بناء أساس قوي للكتابة المستقلة",صحيح,true ,خطأ,false ,,,,,,,,,,,,,,,,,,
FMPS_C006,الملصقات التربوية  2024,الملصقات التربوية  2024 الاختبار النهائي,FMPS_C006_QG6,FMPS_C006_QG6_Q71,"صحيح او  خطأ: في المستوى الثاني، يصبح من الضروري إدراج الأنماط الثلاثة للكتابة بشكل تدريجي ومنظم على الملصقات. ويتم تقديم كل نمط بطريقة تتناسب مع مستوى تطور الطفل، بحيث يبدأ بتعريفه على شكل واحد من الكتابة، ثم يُضاف تدريجياً النمط الثاني والثالث. وهذا التدرج يساعد الأطفال على تمييز الفروق بين الأساليب المختلفة ويُسهم في تسهيل عملية انتقالهم من شكل كتابة إلى آخر.",صحيح,true ,خطأ,false ,,,,,,,,,,,,,,,,,,
FMPS_C025,الصحة ورفاه الطفل,الصحة ورفاه الطفل الاختبار النهائي,FMPS_C025_QG25,FMPS_C025_QG25_Q1,"حدد العبارة المناسبة التي تبدو لك صحيحة : 

يشمل  رفاه الطفل  كل ما هو جيد له مثل:
1) توطيد الروابط العاطفية مع المحيط، 
2)  اختبار تجارب تعليمية  سلبية في بيئة داعمة،
3)تفضيل الذات وعدم الاهتمام لحاجيات وخصوصيات الاخرين. 
 4)الشعور بالفرح والأمل المؤقت  ، 
5) المشاركة في أدوار اجتماعية مثمرة هادفة و نافعة

","1) توطيد الروابط العاطفية مع المحيط،",true ,"2)  اختبار تجارب تعليمية  سلبية في بيئة داعمة،",false ,3)تفضيل الذات وعدم الاهتمام لحاجيات وخصوصيات الاخرين.,false ,"4)الشعور بالفرح والأمل المؤقت  ،",false ,5) المشاركة في أدوار اجتماعية مثمرة هادفة و نافعة,true ,,,,,,,,,,,,
FMPS_C025,الصحة ورفاه الطفل,الصحة ورفاه الطفل الاختبار النهائي,FMPS_C025_QG25,FMPS_C025_QG25_Q2,"أجب بصحيح او خطأ على العبارة الموالية  : 

تعتبر السنوات الخمس الأولى من حياة الطفل بمثابة سنوات تشييدية لشخصيته. ففي هذه المرحلة تستلزم تربيته على المربيين فقط باعتبارهم داعما أساسيا و أوليا ، القيام  بتقديم العناية الفائقة و الدقيقة له ، و  أن يقوموا بالتركيز ايضا  على صحته و على رفاهه البدني،.
",صحيح,true ,خطأ,false ,,,,,,,,,,,,,,,,,,
FMPS_C025,الصحة ورفاه الطفل,الصحة ورفاه الطفل الاختبار النهائي,FMPS_C025_QG25,FMPS_C025_QG25_Q3,"أجب بصحيح او  خطأ على الهدف التالي: 

يتحقق رفاه الطفل من خلال محيطه المدرسي والبيداغوجي.

",صحيح,true ,خطأ,false ,,,,,,,,,,,,,,,,,,
FMPS_C025,الصحة ورفاه الطفل,الصحة ورفاه الطفل الاختبار النهائي,FMPS_C025_QG25,FMPS_C025_QG25_Q4,"أجب بصحيح او  خطأ على العبارة المقترحة الآتية  :        

يقوم الرفاه على اربعة ركائز (PERM):

المشاعر الإيجابية، الالتزام، العلاقات، العيش. 
",خطأ,false ,صحيح,true ,,,,,,,,,,,,,,,,,,
FMPS_C025,الصحة ورفاه الطفل,الصحة ورفاه الطفل الاختبار النهائي,FMPS_C025_QG25,FMPS_C025_QG25_Q5,"إختر من بين العبارات المقترحة، تلك التي تبدو لك صحيحة :  
يحتوي الرفاه على مجموعة من المميزات التي تعتبر مرتكزا أساسيا يساهم في تقويته من ضمنها نجد:
1)الخبرات الحياتية 
2)الشعور بالحب والرعاية داخل الفصل فقط 
3)العلاقات الاسرية فضلا عن العلاقات الاجتماعية الأخرى 
 4)الانصاف الشخصي كأساس أولي غير الاجتماعي 
5)البيئة الداعمة",1)الخبرات الحياتية,true ,2)الشعور بالحب والرعاية داخل الفصل فقط,false ,3)العلاقات الاسرية فضلا عن العلاقات الاجتماعية الأخرى,false ,4)الانصاف الشخصي كأساس أولي غير الاجتماعي,false ,5)البيئة الداعمة.,true ,,,,,,,,,,,,
FMPS_C025,الصحة ورفاه الطفل,الصحة ورفاه الطفل الاختبار النهائي,FMPS_C025_QG25,FMPS_C025_QG25_Q6," أجب بصحيح او خطأ على العبارة التالية   :         
النمو الحس الحركي، الاجتماعي والمعرفي يعتبر من بين المحددات الصحية المساهمة    في بناء مميزات الرفاه لدى الطفل.",صحيح,true ,خطأ,false ,,,,,,,,,,,,,,,,,,
FMPS_C025,الصحة ورفاه الطفل,الصحة ورفاه الطفل الاختبار النهائي,FMPS_C025_QG25,FMPS_C025_QG25_Q7," أجب بصحيح او خطأ على العبارة التالية     : 	
 عالم النفس الطفولي و العائلي Martin Seligman  أكد أن الرفاه قائم على الشعور بالرضا و  الانخراط الكامل في الأنشطة.
",خطأ,false ,صحيح,true ,,,,,,,,,,,,,,,,,,
FMPS_C025,الصحة ورفاه الطفل,الصحة ورفاه الطفل الاختبار النهائي,FMPS_C025_QG25,FMPS_C025_QG25_Q8," أجب بصحيح او خطأ على العبارة التالية   :
تعتبر التغذية من بين المحددات الصحية  التي تساهم في إرساء الرفاه لدى الطفل.

",صحيح,true ,خطأ,false ,,,,,,,,,,,,,,,,,,
FMPS_C025,الصحة ورفاه الطفل,الصحة ورفاه الطفل الاختبار النهائي,FMPS_C025_QG25,FMPS_C025_QG25_Q9,"إختر من بين العبارات المقترحة، تلك التي تبدو لك صحيحة
مفهوم الرفاه  يرتكز على  مجموعة من المحددات التي تساهم في  تعزيزه مثل : 
أ) النقل والرياضة
ب)  التركيز على المحتوى التقليدي في المناهج الدراسية.  
 ت) جعل الدروس التعليمية أكثر تعقيدا  للأطفال
ه) تشجيع الاطفال على العمل الفردي اكثر 

",أ) النقل والرياضة,true ,ب)  التركيز على المحتوى التقليدي في المناهج الدراسية.,false ,ت) جعل الدروس التعليمية أكثر تعقيدا  للأطفال,false ,ه) تشجيع الاطفال على العمل الفردي اكثر,false ,,,,,,,,,,,,,,
FMPS_C025,الصحة ورفاه الطفل,الصحة ورفاه الطفل الاختبار النهائي,FMPS_C025_QG25,FMPS_C025_QG25_Q10," أجب بصحيح او خطأ على العبارة التالية  :
حددت منظمة الصحة العالمية مفهوم الصحة، على أنها الكفاية البدنية التي ترتبط أيضا بمفهوم أولي وأساسي وهو خلو الانسان من العجز.
",خطأ,false ,صحيح,true ,,,,,,,,,,,,,,,,,,
FMPS_C025,الصحة ورفاه الطفل,الصحة ورفاه الطفل الاختبار النهائي,FMPS_C025_QG25,FMPS_C025_QG25_Q11," أجب بصحيح او خطأ على العبارة التالية   :
ينقسم مفهوم الصحة الى 5 اقسام  :
1)صحة الفرد.
2)صحة المجتمع.
3)الصحة العامة.
 4)الرعاية الجماعية.
5) الرعاية الابوية
",صحيح,true ,خطأ,false ,,,,,,,,,,,,,,,,,,
FMPS_C025,الصحة ورفاه الطفل,الصحة ورفاه الطفل الاختبار النهائي,FMPS_C025_QG25,FMPS_C025_QG25_Q12,"أجب بصحيح او خطأ على العبارة التالية   :
حددت منظمة الصحة العالمية مفهوم الصحة، على أنها الكفاية البدنية التي ترتبط أيضا بمفهوم أولي وأساسي وهو خلو الانسان من العجز.",صحيح,true ,خطأ,false ,,,,,,,,,,,,,,,,,,
FMPS_C025,الصحة ورفاه الطفل,الصحة ورفاه الطفل الاختبار النهائي,FMPS_C025_QG25,FMPS_C025_QG25_Q13,"أجب بصحيح أو خطأ على العبارة المقترحة  :  
 قياس الوزن  هو احد المؤشرات الأساسية لصحة الطفل.
",صحيح,true ,خطأ,false ,,,,,,,,,,,,,,,,,,
FMPS_C025,الصحة ورفاه الطفل,الصحة ورفاه الطفل الاختبار النهائي,FMPS_C025_QG25,FMPS_C025_QG25_Q14,"  إختر من بين العبارات المقترحة، تلك التي تبدو لك صحيحة  :     

يلعب المربي دور مهما في تحقيق التكامل الصحي للطفل مثل:
1) القيام بالكشف على الطفل.
2) ربط خبرات الطفل في المدرسة بخبراته خارجها.
3) تطوير عادات الطفل الصحية  .
4) القيام بتوبيخ  الطفل .
5)  تحفيز الاطفال ودفعهم للتعلم.
  
",1) القيام بالكشف على الطفل.,true ,2) ربط خبرات الطفل في المدرسة بخبراته خارجها.,false ,3) تطوير عادات الطفل الصحية  .,true ,4) القيام بتوبيخ  الطفل .,false ,5)  تحفيز الاطفال ودفعهم للتعلم.,false ,,,,,,,,,,,,
FMPS_C025,الصحة ورفاه الطفل,الصحة ورفاه الطفل الاختبار النهائي,FMPS_C025_QG25,FMPS_C025_QG25_Q15," أجب بصحيح أو خطأ على العبارة المقترحة : 
لقياس طول الطفل  يتوجب على المربي التأكد من تركيب لوحة الحائط الرأسية بشكل صحيح وعلى المستوى الصحيح، والتأكد من ان تكون الارضية مسطحة وخالية من السجاد،  و يجب على الطفل ان ينظر إلى الأمام مباشرة، و لا يمكن له الاحتفاظ  بالحذاء.
",صحيح,true ,خطأ,false ,,,,,,,,,,,,,,,,,,
FMPS_C025,الصحة ورفاه الطفل,الصحة ورفاه الطفل الاختبار النهائي,FMPS_C025_QG25,FMPS_C025_QG25_Q16," أجب بصحيح أو خطأ على العبارة المقترحة :  تعتبر ملاحظة  سلوكيات الأطفال ضمن اهم المراحل  التي يقوم بها المربي  في اختبار  طب الأطفال.
",صحيح,true ,خطأ,false ,,,,,,,,,,,,,,,,,,
FMPS_C025,الصحة ورفاه الطفل,الصحة ورفاه الطفل الاختبار النهائي,FMPS_C025_QG25,FMPS_C025_QG25_Q17,"أجب بصحيح او خطأ على الاهداف التالية :

مناك اعراض صحية خاصة بنقص السمع لدى الطفل يتمثل في ظهور علامات جسدية مثل:
*سيلان الاذن 
*الشخير أثناء الغفوة 
*الإصابة بالحمى او العدوى
",صحيح,true ,خطأ,false ,,,,,,,,,,,,,,,,,,
FMPS_C025,الصحة ورفاه الطفل,الصحة ورفاه الطفل الاختبار النهائي,FMPS_C025_QG25,FMPS_C025_QG25_Q18,"أجب بصحيح او خطأ على الاهداف التالية :
أمراض طب الأنف والأذن والحنجرة لدى الأطفال  قد تأثر بشكل سلبي على تحصيلهم الدراسي.",صحيح,true ,خطأ,false ,,,,,,,,,,,,,,,,,,
FMPS_C025,الصحة ورفاه الطفل,الصحة ورفاه الطفل الاختبار النهائي,FMPS_C025_QG25,FMPS_C025_QG25_Q19,"أجب بصحيح او خطأ على الاهداف التالية :
هناك أعراض  تخول للمربي  التعرف على تواجد  صعوبات في السمع  لدى الطفل من بينها :
*الحركة المفرطة
*صعوبة في التركيز
*الصراخ 
*العدوانية 
",صحيح,true ,خطأ,false ,,,,,,,,,,,,,,,,,,
FMPS_C025,الصحة ورفاه الطفل,الصحة ورفاه الطفل الاختبار النهائي,FMPS_C025_QG25,FMPS_C025_QG25_Q20," من بين  العلامات التالية حدد تلك التي تبدو لك صحيحة :

يجب على المربي  مراقبة العلامات المعرفية المتعلقة بالتعلمات لدى الطفل ، التي توحي  على  وجود مشاكل صحية خاصة بنقص السمع لديه  مثل :
1) وجود مشكلة  في النطق لدى الطفل .
2)إصابة الطفل  بالسعال الجاف .
3) عدم   اتباع الطفل للتوجيهات والتعليمات الشفهية
4) الزكام .
5)عدم تركيز الطفل  داخل الفصل.
",1) وجود مشكلة  في النطق لدى الطفل .,true ,2)إصابة الطفل  بالسعال الجاف .,false ,3) عدم   اتباع الطفل للتوجيهات والتعليمات الشفهية,true ,4) الزكام .,false ,5)عدم تركيز الطفل  داخل الفصل.,true ,,,,,,,,,,,,
FMPS_C025,الصحة ورفاه الطفل,الصحة ورفاه الطفل الاختبار النهائي,FMPS_C025_QG25,FMPS_C025_QG25_Q21," أجب بصحيح او خطأ على الإقتراح التالي:                              

العيوب الانكسارية، هي حالات مرضية خاصة بتخصص طب العيون.
",صحيح,true ,خطأ,false ,,,,,,,,,,,,,,,,,,
FMPS_C025,الصحة ورفاه الطفل,الصحة ورفاه الطفل الاختبار النهائي,FMPS_C025_QG25,FMPS_C025_QG25_Q22," أجب بصحيح او خطأ على العبارة التالية : 

الأعين الكبيرة تشير الى أن الطفل يعاني من حالة مرضية تسمى: التهاب العيون الجوفية.
",خطأ,false ,صحيح,true ,,,,,,,,,,,,,,,,,,
FMPS_C025,الصحة ورفاه الطفل,الصحة ورفاه الطفل الاختبار النهائي,FMPS_C025_QG25,FMPS_C025_QG25_Q23," أجب بصحيح او خطأ على العبارة الآتية :


سوء تقدير المجسمات  يعد من بين الأسباب التي تدل على وجود اضطرابات في البصر لدى الطفل.",صحيح,true ,خطأ,false ,,,,,,,,,,,,,,,,,,
FMPS_C025,الصحة ورفاه الطفل,الصحة ورفاه الطفل الاختبار النهائي,FMPS_C025_QG25,FMPS_C025_QG25_Q24,"من بين الاعراض التالية، حدد تلك التي تبدو لك صحيحة: 

ظهور اعراض عند الأطفال مثل:   
1) وجود بقعة بيضاء على مستوى بؤبؤ العين 
2)  الجرب
3)  السعال
4)  وجود انعكاسات بيضاء غير طبيعية داخل بؤبؤ العين

تعد من بين الأسباب التي ترمز على وجود  اضطرابات في البصر لدى الطفل.
",1) وجود بقعة بيضاء على مستوى بؤبؤ العين,true ,2)  الجرب,false ,3)  السعال,false ,4)  وجود انعكاسات بيضاء غير طبيعية داخل بؤبؤ العين,true ,,,,,,,,,,,,,,
FMPS_C025,الصحة ورفاه الطفل,الصحة ورفاه الطفل الاختبار النهائي,FMPS_C025_QG25,FMPS_C025_QG25_Q25," أجب بصحيح او خطأ على الارشادات التالية :

للقيام بالاختبار المتعلق بطب العيون،   يتوجب على المربي أن يقوم  
يقوم بإعداد  أدوات من بينها بطاقة اختبار سنيلين و صندوق الإسعافات الضرورية
",خطأ,false ,صحيح,true ,,,,,,,,,,,,,,,,,,
FMPS_C025,الصحة ورفاه الطفل,الصحة ورفاه الطفل الاختبار النهائي,FMPS_C025_QG25,FMPS_C025_QG25_Q26," أجب بصحيح او خطأ على الارشادات التالية :
على المربي القيام  بالاختبار المتعلق بطب العيون   داخل فضاء،  محرر من المثيرات الخارجية ليتمكن الطفل من التركيز على الاختبار ،ولا يعد شرطا أن يكون حائط القسم خال من  الرسومات. ",خطأ,false ,صحيح,true ,,,,,,,,,,,,,,,,,,
FMPS_C025,الصحة ورفاه الطفل,الصحة ورفاه الطفل الاختبار النهائي,FMPS_C025_QG25,FMPS_C025_QG25_Q27,"حدد من بين العبارات الموالية،  تلك التي تبدو لك صحيحة:   
بطاقة  سنيلين هي بطاقة اختبار تمكن من  فحص ضعف النظر  و يتم  ذلك بقياس حدة البصر، التي تمتل القدرة التمييزية للعين، بحيث تسمح لها بالرؤية على مسافة 
أ) 7 أمتار. 
ب) 3 أمتار.
ت) 10 أمتار.
د) 5 أمتار.
ه) 4  أمتار.
",أ) 7 أمتار.,false ,ب) 3 أمتار.,false ,ت) 10 أمتار.,false ,د) 5 أمتار.,true ,ه) 4  أمتار.,false ,,,,,,,,,,,,
FMPS_C025,الصحة ورفاه الطفل,الصحة ورفاه الطفل الاختبار النهائي,FMPS_C025_QG25,FMPS_C025_QG25_Q28,"  أجب بصحيح او خطأ على العبارة التالية :   

هناك العديد من المقاييس المستخدمة بشكل شائع في قياس حدة البصر وأشهرها مقياس"" Snellen""  ‘سنيلين‘  ( TX )، لأنه يتكيف مع فهم غالبية الأشخاص.
",خطأ,false ,صحيح,true ,,,,,,,,,,,,,,,,,,
FMPS_C025,الصحة ورفاه الطفل,الصحة ورفاه الطفل الاختبار النهائي,FMPS_C025_QG25,FMPS_C025_QG25_Q29," أجب بصحيح او خطأ على العبارة التالية   :   

عند إجراء اختبار بقياس حدة البصر ، يبدأ  المربي   بالسطر المقابل لـ 4/10، ثم يواصل تدريجياً سطراً سطراً، باتجاه خط 10/10 من المقدر أن يتم التحقق من صحة السطر عندما يقرأ الموضوع بشكل صحيح ما لا يقل عن 3 أحرف ""C"" من أصل 5
",خطأ,false ,صحيح,true ,,,,,,,,,,,,,,,,,,
FMPS_C025,الصحة ورفاه الطفل,الصحة ورفاه الطفل الاختبار النهائي,FMPS_C025_QG25,FMPS_C025_QG25_Q30,"أجب بصحيح او خطأ على العبارة التالية   :
 إذا قرأ الطفل السطر 4 بشكل صحيح ولكن في السطر 5 يقرأ E فقط، فإن حدة البصر لديه ستكون 4/10.",صحيح,true ,خطأ,false ,,,,,,,,,,,,,,,,,,
FMPS_C025,الصحة ورفاه الطفل,الصحة ورفاه الطفل الاختبار النهائي,FMPS_C025_QG25,FMPS_C025_QG25_Q31," أجب بصحيح او خطأ على التعريف التالي   :
يمكن للمربي  استخدام حرف ""E"" كبير مرسوم على ورقة ، والطلب من الطفل وضعه كما يراه على مقياس
’ سنيلين’ ‘Snellen’  .",صحيح,true ,خطأ,false ,,,,,,,,,,,,,,,,,,
FMPS_C025,الصحة ورفاه الطفل,الصحة ورفاه الطفل الاختبار النهائي,FMPS_C025_QG25,FMPS_C025_QG25_Q32," أجب بصحيح او خطأ على العبارة التالية  :

للحفاظ على حاسة البصر لدى الطفل  يجب على المربي القيام بإرشادات تحسيسية  حول أهمية  تناول الخضروات.
",صحيح,true ,خطأ,false ,,,,,,,,,,,,,,,,,,
FMPS_C025,الصحة ورفاه الطفل,الصحة ورفاه الطفل الاختبار النهائي,FMPS_C025_QG25,FMPS_C025_QG25_Q33,"أجب بصحيح او خطأ على العبارة  التالية  :

على المربي ان يقوم بتوعية الأطفال حول  أهمية  تجنب حك  العين  بشكل مفرط و ذلك لتفادي خطر تشوه القرنية لديه .",صحيح,true ,خطأ,false ,,,,,,,,,,,,,,,,,,
FMPS_C025,الصحة ورفاه الطفل,الصحة ورفاه الطفل الاختبار النهائي,FMPS_C025_QG25,FMPS_C025_QG25_Q34,"أجب بصحيح على ما يلي  :

نقص فيتامين أ ,A  :    قد يؤدي الى الإصابة  بالعمى و الزكام
",خطأ,false ,صحيح,true ,,,,,,,,,,,,,,,,,,
FMPS_C025,الصحة ورفاه الطفل,الصحة ورفاه الطفل الاختبار النهائي,FMPS_C025_QG25,FMPS_C025_QG25_Q35," أجب بصحيح او خطأ على العبارة  التالية   :
 
تخصص طب الأسنان ،  يهتم بالوقاية والعلاج من الأمراض التي تصيب الأسنان.
",صحيح,true ,خطأ,false ,,,,,,,,,,,,,,,,,,
FMPS_C025,الصحة ورفاه الطفل,الصحة ورفاه الطفل الاختبار النهائي,FMPS_C025_QG25,FMPS_C025_QG25_Q36,"أجب بصحيح او خطأ على العبارة التالية   :

 من بين العلامات التي تدل  على تلون أو تصبغ السن ،  تواجد ثقب عميق داخل السن  لونه بوني  ، ويمكن ان يتواجد في أي جانب من جوانب السن، وإن لم تتم معالجته يمكن أن تنتج عنه مضاعفات.

",خطأ,false ,صحيح,true ,,,,,,,,,,,,,,,,,,
FMPS_C025,الصحة ورفاه الطفل,الصحة ورفاه الطفل الاختبار النهائي,FMPS_C025_QG25,FMPS_C025_QG25_Q37,"من بين العلامات التالية، حدد تلك التي تبدو لك صحيحة :  

هناك  أعراض وعلامات تظهر على الأطفال و تساعد المربي على التعرف على الحالات المرضية الخاصة بطب الأسنان مثل:  
1)ظهور تسوس الأسنان 
2)انتفاخ اللسان  
3)ظهور ثقب في الأسنان بالإضافة إلى ظهور بقع سوداء، بنية أو بيضاء
4)ظهور خراجا
5)ظهور حمى على مستوى الفم 

",1)ظهور تسوس الأسنان .,true ,2)انتفاخ اللسان,false ,"3)ظهور ثقب في الأسنان بالإضافة إلى ظهور بقع سوداء، بنية أو بيضاء",true ,4)ظهور خراجا,true ,5)ظهور حمى على مستوى الفم,false ,,,,,,,,,,,,
FMPS_C025,الصحة ورفاه الطفل,الصحة ورفاه الطفل الاختبار النهائي,FMPS_C025_QG25,FMPS_C025_QG25_Q38,"أجب بصحيح او خطأ على العبارة التالية :

التسوس يؤدي إلى مضاعفات حادة يمكن أن تؤثر على القلب بشكل كبير 

",صحيح,true ,خطأ,false ,,,,,,,,,,,,,,,,,,
FMPS_C025,الصحة ورفاه الطفل,الصحة ورفاه الطفل الاختبار النهائي,FMPS_C025_QG25,FMPS_C025_QG25_Q39,"السؤال 5:  أجب بصحيح او خطأ على العبارة التالية  :

للتعرف على مكان السن الدائم عند الطفل،  يتوجب العد من السن رقم 2 الى السن  رقم 10 . ويعتبر السن رقم 10 هو سن دائم لن يتغير بعد ذلك  وتبدأ الاسنان الدائمة بالظهور ابتداء من 2 سنوات .
",خطأ,false ,صحيح,true ,,,,,,,,,,,,,,,,,,
FMPS_C025,الصحة ورفاه الطفل,الصحة ورفاه الطفل الاختبار النهائي,FMPS_C025_QG25,FMPS_C025_QG25_Q40,"حدد  الأعراض التي تبدو لك صحيحة اثناء ظهور الاسنان الدائمة لدى الطفل   :  

عند بدأ الاسنان الدائمة بالظهور  تبدأ كذلك مجموعة من الأعراض في الظهور من بينها :
1)حمى خفيفة
2) الشعور بالغثيان
3)آلام في البطن
4) صعوبة مضغ الطعام  
5) آلام في الاذنين
","1)حمى خفيفة
",true ,2) الشعور بالغثيان,false ,3)آلام في البطن,false ,4) صعوبة مضغ الطعام,true ,5) آلام في الاذنين,false ,,,,,,,,,,,,
FMPS_C025,الصحة ورفاه الطفل,الصحة ورفاه الطفل الاختبار النهائي,FMPS_C025_QG25,FMPS_C025_QG25_Q41," أجب بصحيح او خطأ على العبارة التالية  :

نشاط تنظيف الأسنان  يمكن  من توعية الطفل نحو أهمية تنظيف الأسنان بالطريقة الصحيحة 
",صحيح,true ,خطأ,false ,,,,,,,,,,,,,,,,,,