name,code,description,framework_languages,children,,,,,,,,,,,,,,,,,
التواصل المهني,FMPS_C001,"تهدف مصوغة التواصل المهني تمكين مربي التعليم الأولي من التعرف على مفهوم التواصل المهني، وذلك لتمكينه من تحسين وتطوير مهارات التواصل المهني لديه.
فمفهوم التواصل المهني يشير إلى القدرة على التواصل بشكل فعال في سياق العمل و يعتبر التواصل المهني مهارة حيوية لمربي التعليم الأولي على اعتباره عنصرًا أساسيًا في نجاح الفرد في بيئة العمل فهو العملية التي تسهم في تبادل الأفكار والمعلومات والرؤى بين الأفراد في سياق مهني، يشمل التواصل المهني الكلمات المنطوقة والكتابية وغير اللفظية، والتواصل الجماعي والفردي، والتواصل الداخلي والخارجي.,FMPS_C001_QG1",lll,"التواصل المهني,الاختبار التواصل المهني,التواصل المهني الفعال,,التعرف على مهارات التواصل المهني,الاختبار التعرف على مهارات التواصل المهني,تحديد اشكال التواصل المهني,الاختبار تحديد اشكال التواصل المهني,الاختبار النهائي",,,,,,,Resource,,,,Arabic,,,,,FMPS,2023
التواصل الغير العنيف,FMPS_C002,"تهدف مصوغة التواصل غير العنيف لتمكين مربي التعليم الأولي من التعرف على مفهوم التواصل غير العنيف، مبادئه، مقوماته وأهدافه. وذلك لمساعدته على خلق بيئة تعليمية صحية وإيجابية للأطفال في هذه المرحلة وتعزيز مهاراتهم الاجتماعية والعاطفية، بالإضافة لتوفير نموذج إيجابي يمكن للأطفال الاستفادة منه ومحاكاته.
تكتسي معرفة المربي بالتواصل غير العنيف أهمية كبيرة، على اعتبار انه يتعامل مع أطفال في مرحلة عمرية حساسة حيث تتشكل شخصياتهم بشكل أساسي انطلاقا من احتكاكهم وتواصلهم مع محيطهم لذا، فإن دور المربي في توفير البيئة المناسبة لذلك يمثل عاملًا حاسمًا في تشكيل شخصيتهم ونموهم الشامل,FMPS_C002_QG2",lll,"تقديم وتعريف,الاختبار تقديم وتعريف,مبادئ التواصل الغير العنيف,الاختبار مبادئ التواصل الغير العنيف,علاقة الذكاء العاطفي بالتواصل الغير العنيف,الاختبار علاقة الذكاء العاطفي بالتواصل الغير العنيف,كيف ينمي المربي مهارات التواصل غير العنيف عند الاطفال,الاختبار كيف ينمي المربي مهارات التواصل غير العنيف عند الاطفال,الاختبار النهائي",,,,,,,Resource,,,,Arabic,,,,,FMPS,2023
التربية الوالدية,FMPS_C003,"   إن نجاح التعلم ليس رهين بالمدرسة فقط، بل أيضا بدرجة وعي الوالدين بالأمور التربوية والبرامج التعليمية، بحيث مشاركة الأسرة، يؤثر إيجابا على الجانب الثقافي والمعرفي والسيكولوجي لناشئة، مما سيؤدي إلى بناء مجتمع متماسك وحضاري، يعي بأهمية المدرسة وخصائصها ومناهجها التربوية.
     لذلك ارتكزت هذه المصوغة على الدور المهم الذي يتمثل في مساعدة الوالدين في تربية الأطفال بطريقة سليمة وصحيحة، عن طريق توعيتهم وتثقيفهم بأساليب ومنهجية وطرق ووسائل تربوية، عبر المربي، لكونه يعرف وله دراية بمجال الطفولة ومراحلها، عن طريق إشراك الوالدين في البرامج والورشات ولقاءات التواصلية...,FMPS_C003_QG3",lll,"تعريف التربية الوالدية,الاختبار تعريف التربية الوالدية,أهمية وأهداف التربية الوالدية,الاختبار أهمية وأهداف التربية الوالدية,I أساليب نجاح التربية الوالدية,الاختبار I أساليب نجاح التربية الوالدية,II أساليب نجاح التربية الوالدية,الاختبار II أساليب نجاح التربية الوالدية,فوائد مشاركة الآباء وأولياء الأمور في العملية التعليمية التعلمية,الاختبار فوائد مشاركة الآباء وأولياء الأمور في العملية التعليمية التعلمية,الاختبار النهائي",,,,,,,,,,,,,,,,,
نظريات التعلم,FMPS_C004,"تُعد نظريات التعلم إطاراً علمياً يفسر كيفية اكتساب الأطفال للمعرفة وتطوير مهاراتهم، كما تُرشد الممارسات التربوية لضمان تعلم فعّال وشامل وتشكل هذه النظريات أساساً مهماً لمربي التعليم الأولي، حيث تمكنه من فهم العوامل النفسية والاجتماعية والمعرفية المؤثرة في التعلم، مما يساعده على تصميم أنشطة تربوية تلائم خصائص الأطفال النمائية واحتياجاتهم الفردية. 
ففهم هذه النظريات يساعد المربي في خلق بيئة تعليمية ديناميكية تراعي الفروق الفردية وتحقق التكامل بين النمو المعرفي والعاطفي والاجتماعي للطفل. بالإضافة إلى ذلك، تحمي المربي من الممارسات العشوائية والعنف التربوي غير الواعي من خلال تبني منهجية علمية واضحة. ,FMPS_C004_QG4",lll,"تعريف نظريات التعلم واهميتها,الاختبار تعريف نظريات التعلم واهميتها,النظرية السلوكية,الاختبار النظرية السلوكية,التطبيق البيداغوجي للنظرية السلوكية,الاختبار التطبيق البيداغوجي للنظرية السلوكية,النظرية البنائية,الاختبار النظرية البنائية,النظرية الجشطالتية,الاختبار النظرية الجشطالتية,التطبيق البيداغوجي للنظرية الجشطلتية,الاختبار التطبيق البيداغوجي للنظرية الجشطلتية,النظرية السوسيوبنائية,الاختبار النظرية السوسيوبنائية,كيفية التطبيق البيداغوجي للنظرية السوسيوبنائية,الاختبار كيفية التطبيق البيداغوجي للنظرية السوسيوبنائية,النظرية المعرفية,الاختبار النظرية المعرفية,مبادئ واسس النظرية المعرفية,الاختبار مبادئ واسس النظرية المعرفية,الاختبار النهائي",,,,,,,,,,,,,,,,,
الإضطرابات السلوكية عند الأطفال,FMPS_C005,"تهدف هذه المصوغة الى تعريف المشكلات السلوكية بوصفها ظاهرة تعكس خرقاً للأعراف الاجتماعية المقبولة يوجهها الطفل نحو الآخرين أو نحو ذاته بغرض الإيذاء، وهي سلوكيات يستطيع المربي ملاحظتها بسهولة، وتتميز بالتكرار والحدة، ولكنها لا تصل إلى درجة الاضطراب الشديد التي تتطلب التدخل العلاجي، وتؤثر هذه السلوكيات على كفاءة الطفل النفسية وتحد من تفاعله مع محيطه.,FMPS_C005_QG5",lll,"مقدمة,الاختبار مقدمة,سلوك الكدب عند الطفل,الاختبار سلوك الكدب عند الطفل,سلوك العناد عند الطفل,الاختبار سلوك العناد عند الطفل,سلوك العدوانية عند الطفل,الاختبار سلوك العدوانية عند الطفل,سلوك السرقة عند الطفل,الاختبار سلوك السرقة عند الطفل,سلوك الخجل عند الطفل,الاختبار سلوك الخجل عند الطفل,سلوك العصبية عند الطفل,الاختبار سلوك العصبية عند الطفل,سلوك القلق و الخوف عند الطفل,الاختبار سلوك القلق و الخوف عند الطفل,سلوك رهاب المدرسة عند الطفل,الاختبار سلوك رهاب المدرسة عند الطفل,,,الاختبار النهائي",,,,,,,,,,,,,,,,,
الملصقات التربوية 2024,FMPS_C006,"عتبر الملصقات وسيلة تعليمية من جهة تسهل الفهم وتمكن من إيصال المعلومات بشكل مختصر، وهي أيضا وسيلة فعالة في تقويم وتهذيب سلوكيات الأطفال. كما تمكنهم من الاستئناس بعالم القراءة والكتابة وتشكل مرجعية للطفل خلال اليوم الدراسي، كما أن لها دورا تواصليا بامتياز حيث تؤثر على عادات الأطفال، زيادة على إضفاء الجمالية على قضاء القسم وإثارة انتباه الزوار. ومن جهة أخرى تعد وسيلة تنظيمية يعتمد عليها المربي في تنظيم القسم,FMPS_C006_QG6",lll,"مقدمة أنواع الملصقات,الاختبار مقدمة أنواع الملصقات,ملصق الحضور,الاختبار ملصق الحضور,مبدأ التدرج الخاص بملصق الحضور,الاختبار مبدأ التدرج الخاص بملصق الحضور,ملصق المسؤوليات,الاختبار ملصق المسؤوليات,مبدأ التدرج الخاص بملصق اليومية,الاختبار مبدأ التدرج الخاص بملصق اليومية,ملصق حالة الطقس,الاختبار ملصق حالة الطقس,مبدأ التدرج الخاص بملصق حالة الطقس,الاختبار مبدأ التدرج الخاص بملصق حالة الطقس,ملصق فصول السنة+ملصق الاعداد+ملصق الحروف الهجائية,الاختبار ملصق فصول السنة+ملصق الاعداد+ملصق الحروف الهجائية,ملصق الالوان,الاختبار ملصق الالوان,ملصق قواعد العيش,الاختبار ملصق قواعد العيش,الاختبار النهائي",,,,,,,,,,,,,,,,,
التخطيط التربوي,FMPS_C007,"يعتبر التخطيط أحد الأنشطة الأساسية التي يتعلمها الطفل في مرحلة التعليم الأولي لما له من دور مهم في إعداده للكتابة، فهو يهدف لتنمية مهاراته اللغوية، الحركية والإدراكية، وتمكينه من اكتساب القدرات والمهارات اللازمة للكتابة بطريقة صحيحة ومنهجية. 
لذا تكتسي معرفة المربي بالتخطيط أهمية كبيرة، على اعتبار انه يتعامل مع أطفال في مرحلة عمرية حساسة حيث يتم بناء تعلماتهم بشكل أساسي انطلاقا من احتكاكهم وتواصلهم مع محيطهم لذا فإن دور المربي في اختيار الأنشطة المناسبة بالإضافة لتهيئ فضاء وأدوات عمل ملائمين لذلك يعد في غاية الأهمية.,FMPS_C007_QG7",lll,"مفهوم التخطيط و أهدافه,الاختبار مفهوم التخطيط و أهدافه,أنواع و أنشطة التخطيط,الاختبار أنواع و أنشطة التخطيط,التحكم الحركي,الاختبار التحكم الحركي,مراحل اكتساب التحكم الحركي,الاختبار مراحل اكتساب التحكم الحركي,الاختبار النهائي",,,,,,,,,,,,,,,,,
اللعب في مرحلة التعليم الأولي 2024,FMPS_C008,"تهدف هذه المصوغة الى التعريف باللعب وأهميته البالغة في حياة الطفل إذ يتعدى كونه مجرد تسلية إلى ضرورة حتمية قد تكون أقوى من ضرورة الغذاء والنوم. 
لقد أثبتت الدراسات التربوية القيمة الكبيرة للعب في اكتساب المعرفة ومهارات الوصول إليها إذا ما أحسن استعماله حيث لا ينبغي أن تقترن التعليمات بالحزن والأسى فلا شيء يمنع أن يتداخل الأمران (اللعب والتعلم) مما سيضفي على التعلم تشويقا وحماسة أكثر.,FMPS_C008_QG8",lll,"العلاقة بين اللعب و التعلمات,الاختبار العلاقة بين اللعب و التعلمات,تعريف بيداغوجية اللعب,الاختبار تعريف بيداغوجية اللعب,أهداف الألعاب التربوية في التعليم الأولي,الاختبار أهداف الألعاب التربوية في التعليم الأولي,الألعاب التربوية التي يمكن استثمارها في قسم للتعليم الأولي,الاختبار الألعاب التربوية التي يمكن استثمارها في قسم للتعليم الأولي,الألعاب الحسية في التي يمكن استثمارها في قسم التعليم الأولي,الاختبار الألعاب الحسية في التي يمكن استثمارها في قسم التعليم الأولي,الألعاب الشعبية و أهدافها في التعليم الأولي,الاختبار الألعاب الشعبية و أهدافها في التعليم الأولي,الالعاب اللغوية و أهدافها في التعليم الأولي,الاختبار الالعاب اللغوية و أهدافها في التعليم الأولي,الالعاب اللغوية التي يمكن استثمارها في قسم للتعليم الأولي,,,,,,الاختبار النهائي",,,,,,,,,,,,,,,,,
الأنشطة الابداعية,FMPS_C009,"تهدف الأنشطة الإبداعية كمصوغة إلى إبراز أهمية  ربط الأعمال الإبداعية بجميع المجالات و الأنشطة داخل قسم التعليم الأولي   من أجل تنمية مهارات الطفل و قدراته، فالعمل اليدوي  يرتكز على قوة الملاحظة  و الانتباه  إضافة إلى استخدام مختلف المواد و التقنيات مما يساهم في اكساب الطفال المعارف والمهارات التي تؤهله و تحفزه على الإبداع والتعبير بحرية و اكتساب تقنيات عدة و توظيفها في جل النواحي الحياتية.,FMPS_C009_QG9",lll,"الأنشطة الإبداعية في التعليم الأولي,الاختبار الأنشطة الإبداعية في التعليم الأولي,دور الأنشطة الإبداعية في تنمية الإبداع لذا الطفل,الاختبار دور الأنشطة الإبداعية في تنمية الإبداع لذا الطفل,دور المربي في تنمية الإبداع لذا الطفل,الاختبار دور المربي في تنمية الإبداع لذا الطفل,ربط الأنشطة الإبداعية والأنشطة التعليمية للطفل,الاختبار ربط الأنشطة الإبداعية والأنشطة التعليمية للطفل,الاختبار النهائي",,,,,,,,,,,,,,,,,
النشطة التفتح اللغوي,FMPS_C010,"تهدف ""التفتح اللغوي"" كمصوغة الى مساعدة المربي على فهم أن لغة الطفل هي وسيلته الرئيسية للتواصل والتفاعل مع العالم من حوله الشيء الذي يتطلب دعم من طرف المربي حتى يتمكن من تطوير مهارات اللغة لدى الأطفال من خلال توجيههم وتشجيعهم على التحدث والاستماع بشكل نشط، فاللغة تلعب دورًا مهمًا في التواصل مع الأقران وفهم احتياجاتهم ومشاركتهم في الأنشطة الاجتماعية.,FMPS_C010_QG10",lll,"التفتح اللغوي في مرحلة التعليم الأولي,الاختبار التفتح اللغوي في مرحلة التعليم الأولي,التفتح اللغوي وتعلم اللغات,الاختبار التفتح اللغوي وتعلم اللغات,كيفية التفاعل مع الأطفال بإستخدام اللغات,الاختبار كيفية التفاعل مع الأطفال بإستخدام اللغات,التفتح اللغوي عمليا,الاختبار التفتح اللغوي عمليا,الاختبار النهائي",,,,,,,,,,,,,,,,,
الاستعداد للقرأة,FMPS_C011,"تعد مرحلة التعليم الأولي من المراحل المهمة في حياة الطفل وفي تكوين شخصيته، إذ تتيح له فرصة اكتساب العديد من الخبرات والمعارف الكافية لتنمية استخدام اللغة بشكل دقيق وسليم وذلك من خلال تنمية وعيه القرائي منذ السنوات الأولى وحتى مرحلة القراءة الفعلية، بعد أن تتوافر له المهارات اللازمة لذلك، لذا ينبغي الاهتمام بمسألة الاستعداد للقراءة عند الطفل، حيث أن تعليم الطفل القراءة قبل أن يكون مستعدا لها، يمكن أن يعيق كل من جهود المربي والطفل، مما قد يجعل عملية القراءة عملية شاقة على الطفل,FMPS_C011_QG11",lll,"الاستعداد للقراءة في مرحلة التعليم الأولي,الاختبار الاستعداد للقراءة في مرحلة التعليم الأولي,التعرف على مهارات القراءة,الاختبار التعرف على مهارات القراءة,التعرف على وضعيات استمرارية مهارة القراءة,الاختبار التعرف على وضعيات استمرارية مهارة القراءة,أنواع الصور التعليمية,الاختبار أنواع الصور التعليمية,الاختبار النهائي",,,,,,,,,,,,,,,,,
التفتح العلمي والتكنولوجي,FMPS_C012,"تهدف"" التفتح العلمي والتكنلوجي ""كمصوغة إلى إبرازاهمية أنشطة التفتح العلمي لدى الطفل وذلك من خلال تنمية فضوله وتعزيز فهمه للظواهر والمفاهيم العلمية والبيئة المحيطة به، ويُعزّز هذا النهج من خلال تقديم المربي تجارب عملية وأنشطة تشجع الطفل على الاستفهام والتساؤل والتجربة، مما يساعده على بناء قاعدة أساسية من المعرفة والفهم العلمي، كما وتعرف المربي على مدى أهمية أنشطة التفتح التكنلوجي للطفل سيساعده في برمجة أنشطة تعمل على وضع الطفل في وضعية بحث عبر ضرورة الصنع والتشغيل.
فتركيب وفك آلية بسيطة يتيح للطفل فهم طريقة اشتغالها وبهذا يحقق تقدما ذهنيا ملموسا.,FMPS_C012_QG12",lll,"مقدمة,الاختبار مقدمة,تنمية مهارات التفتح العلمي و التكنولوجي عند الطفل,الاختبار تنمية مهارات التفتح العلمي و التكنولوجي عند الطفل,إعداد وتنفيد انشطة التفتح العلمي والتكنولوجي,الاختبار إعداد وتنفيد انشطة التفتح العلمي والتكنولوجي,انشطة التفتح العلمي,الاختبار انشطة التفتح العلمي,الاختبار النهائي",,,,,,,,,,,,,,,,,
الأنشطة الحسحركية,FMPS_C013,"تعد مرحلة الطفولة من المراحل المهمة التي يمر بها الطفل حيث يكون في حاجة للحركة، لذلك يجب تعزيز تعلمه بالأسلوب الحسي الحركي لإشباع حاجاته وتنمية قدراته الحركية، فالتربية النفسية الحركية تعمل على تنمية القدرات الحركية للطفل في تجانس بين ما هو جسدي ونفسي حيث تعتبر ركيزة مهمة في النمو المتكامل للطفل.  
لذلك جاءت هذه المصوغة لتغني معارف المربي بخصوص التربية النفسية الحركية وتمكنه من استثمارها على أحسن وجه.,FMPS_C013_QG13",lll,"التربية النفسية الحركية,الاختبار التربية النفسية الحركية,أهداف التربية النفسية الحركية,الاختبار أهداف التربية النفسية الحركية,لعبة القط والفأر,الاختبار لعبة القط والفأر,لعبة متاهة الصلصال,الاختبار لعبة متاهة الصلصال,لعبة كرة الأصدقاء,الاختبار لعبة كرة الأصدقاء,الاختبار النهائي",,,,,,,,,,,,,,,,,
التطور الاجتماعي والعاطفي للطفل في مرحلة التعليم الاولي,FMPS_C014,"تمثل السنوات الأولى من حياة الطفل مرحلة حاسمة في نموه وتطوره، حيث تنمو قدراته الحركية والإدراكية بشكل سريع وتتطور مهارات التواصل والتفاعل العاطفي والاجتماعي لديه، لذا يعتبر التفاعل العاطفي والاجتماعي جانبا بالغ الأهمية وجب الاهتمام به ورعايته بصفة عامة في الأعوام الأولى من عمر الطفل حيث يبدأ بالتفاعل مع الوالدين والعائلة، وبصفة خاصة خلال مرحلة ما قبل المدرسة، حيث ينفتح الطفل على محيط جديد يتعامل فيه مع أشخاص جدد كالمربية، الأقران والأفراد المحيطين به,FMPS_C014_QG14",lll,"النمو الاجتماعي العاطفي في مرحلة التعليم الأولي,الاختبار النمو الاجتماعي العاطفي في مرحلة التعليم الأولي,أهمية العواطف في التعلم ونمو الطفل,الاختبار أهمية العواطف في التعلم ونمو الطفل,الذكاء العاطفي في مرحلة التعليم الأولي,الاختبار الذكاء العاطفي في مرحلة التعليم الأولي,تقييم التطور الاجتماعي والعاطفي في مرحلة التعليم الأولي,الاختبار تقييم التطور الاجتماعي والعاطفي في مرحلة التعليم الأولي,الاختبار النهائي",,,,,,,,,,,,,,,,,
الهوية المهنية للمربي,FMPS_C015,"تهدف ""الهوية المهنية لمربي التعليم الاولي ""كمصوغة إلى إبراز الهوية المهنية للمربي و إدراك هذا الأخير لذاته كممارس مهني والتمسك بالمعايير الأخلاقية والقيم الأساسية للمهنة، فالهوية المهنية تلعب دورًا حاسمًا في تطوير نظم التعليم وتحسينها، حيث تؤثر بشكل مباشر على كيفية التعامل مع المشكلات والتحديات المرتبطة بتمرير التعلمات وتحقيق الأهداف التربوية.,FMPS_C015_QG15",lll,"المقدمة,الاختبار المقدمة,جوانب الهوية المهنية,الاختبار جوانب الهوية المهنية,مكونات الهوية المهنية,الاختبار مكونات الهوية المهنية,مراحل تكوين المهارة,الاختبار مراحل تكوين المهارة,كيف يمكن للمربي تطوير مهارته,الاختبار كيف يمكن للمربي تطوير مهارته,أهم أهداف تطوير الهوية المهنية للمربي,الاختبار أهم أهداف تطوير الهوية المهنية للمربي,مفهوم الهوية المهنية,الاختبار مفهوم الهوية المهنية,نصائح لتطوير الهوية المهنية,الاختبار نصائح لتطوير الهوية المهنية,الاختبار النهائي",,,,,,,,,,,,,,,,,
الطرق البيداغوجية الحديثة,FMPS_C016,"  يعتبر التعليم أحد أهم المجالات التي تحتاج إلى التجديد والتحديث باستمرار، فبالنظر إلى التحديات التي يواجهها التعليم اليوم، يبدو أننا بحاجة ماسة إلى استخدام الطرق الحديثة والمبتكرة في التدريس. وهنا تظهر عدة طرق وأساليب لتعزيز تجربة التعليم وتحسينها، وتحفيز الأطفال على الابتكار والتفاعل بطرق مختلفة.  

لذلك ارتكزت هذه المصوغة على تعريف المربي ببعض الطرق الحديثة والمبتكرة التي يمكن استخدامها في التعليم، وكيف يمكن أن تساعد على تحسين جودة التعليم وتحقيق أهداف مختلفة.,FMPS_C016_QG16",lll,"التعلم المتبادل,الاختبار التعلم المتبادل,التعلم عن طريق البرهنة,الاختبار التعلم عن طريق البرهنة,التعلم عبر السياق,الاختبار التعلم عبر السياق,التعلم العفوي,الاختبار التعلم العفوي,الاختبار النهائي",,,,,,,,,,,,,,,,,
المهارات الحياتية للطفل في مرحلة التعليم الأولي,FMPS_C017,"تهدف المصوغة الى تسليط الضوء على مدى أهمية تنمية المهارات الحياتية والممارسات المهنية لمربي التعليم الأولي في  تحسين جودة التعليم وتلبية احتياجات الأطفال بشكل أفضل على المستويات المعرفية والنفسية والاجتماعية, فتنمية المهارات الحياتية لدى المربي تعزز من ممارساته المهنية عبر تحسين التواصل الفعّال، التفكير النقدي، إدارة الوقت، التكيف والمرونة، التعاون والعمل الجماعي ...كما تشمل تنمية الوعي الذاتي والتنظيم العاطفي لتحقيق توازن بين الحياة المهنية والشخصية, كل  هذه المهارات تسهم في تقديم تعليم عالي الجودة، بناء علاقات إيجابية، وإدارة القسم بكفاءة، مما يعزز من تحقيق أهداف التعليم الأولي بشكل شامل وفعّال.,FMPS_C017_QG17",lll,"مقدمة,الاختبار مقدمة,الثقة بالنفس,الاختبار الثقة بالنفس,الخيال و الابداع,الاختبار الخيال و الابداع,المثابرة,الاختبار المثابرة,التعاون,الاختبار التعاون,الاختبار النهائي",,,,,,,,,,,,,,,,,
التربية البيئية في مرحلة التعليم الأولي,FMPS_C018,"تعتبر التربية البيئية في مرحلة التعليم الأولي عملية تربوية أساسية لبناء وتشكيل وعي الأطفال اتجاه البيئة المحيطة بهم. حيث أن تعليم الأطفال في هذه المرحلة العمرية حول البيئة يسهم في تنمية قيم التقدير والاهتمام بالبيئة والطبيعة، ويعزز السلوكيات المسؤولة لديهم اتجاهها منذ سن مبكرة.
فالتركيز على التربية البيئية في مرحلة التعليم الأولي يعد استثمارًا مهمًا في تشكيل مستقبل أكثر استدامة ووعي بيئي، من خلال بناء قواعد الفهم والاهتمام بالبيئة في نفوس الأطفال منذ الصغر، لذا تكتسي معرفة المربي بهاته المصوغة أهمية كبيرة، على اعتبار انه يتعامل مع أطفال في مرحلة عمرية حساسة حيث يتم بناء تعلماتهم بشكل أساسي انطلاقا من احتكاكهم وتواصلهم مع محيطهم.,FMPS_C018_QG18",lll,"مفهوم التربية البيئية,الاختبار مفهوم التربية البيئية,أهمية التربية البيئية و أهدافها,الاختبار أهمية التربية البيئية و أهدافها,استثمار التربية البيئية في قسم التعليم الأولي,الاختبار استثمار التربية البيئية في قسم التعليم الأولي,أنشطة تطبيقية مساهمة في تبني سلوكيات بيئية سليمة لدى الاطفال,الاختبار أنشطة تطبيقية مساهمة في تبني سلوكيات بيئية سليمة لدى الاطفال,الانشطة التربوية المساهمة في تكوين السلوكيات السليمة,الاختبار الانشطة التربوية المساهمة في تكوين السلوكيات السليمة,الاختبار النهائي",,,,,,,,,,,,,,,,,
التقويم بمرحلة التعليم الأولي,FMPS_C019,"تتجلى أهمية هذه المصوغة في مدى أهمية  تحقيق نظام تقويمي ناجح  للطفل حتى نتمكن من تنمية  معارفه ومهاراته من منظور شامل ومتعدد الزوايا النظرية  منها والعملية. وهذا راجع بالأساس لكون التقويم مرحلة رئيسية لنجاح البرنامج التربوي، فإن الفعالية القصوى لإجراءات وأدوات التقويم تظل أساس النجاح نفسه، باعتبارها وسيلة لتحسين الأساليب والممارسات المستخدمة.
ورغم أن مجالات التطور عند الطفل تعتبر بتركيبتها مجالات واسعة التدخل تشمل مفاهيم من مختلف الميادين الاجتماعية، والسيكولوجية، والمعرفية، والحركية، فتركيز الانتباه على الأهداف الأساسية لتشخيص وتقويم الطفل في مرحلة التعليم الأولي يجعل تطوير مهارات هذا الأخير أكثر دقة وفعالية.,FMPS_C019_QG19",lll,"التعرف على عملية التقويم في مرحلة التعليم الاولي,الاختبار التعرف على عملية التقويم في مرحلة التعليم الاولي,اهمية التقويم في مرحلة التعليم الاولي,الاختبار اهمية التقويم في مرحلة التعليم الاولي,مقاربة التقويم في مرحلة التعليم الاولي,الاختبار مقاربة التقويم في مرحلة التعليم الاولي,الاختبار النهائي",,,,,,,,,,,,,,,,,
نظام التعزيز الإيجابي التربوي والاجتماعي في مرحلة ما قبل التمدرس,FMPS_C020,"يعتبر العنف التربوي من المواضيع المهمة التي شغلت الباحثين والعلماء في التربية الحديثة، لما له من آثار وخيمة على تكوين وتكامل شخصية الطفل، بحيث يتمثل في العقوبات الجسدية والمعنوية المستخدمة في تربيتهم والتي تؤدي بهم إلى حالة من الخوف والقلق.
ويعد العنف التربوي الاعتيادي شكلا من أشكال العنف الذي يمارس كعقاب للأطفال بهدف تطويرهم وضبطهم وحتى تعليمهم، سواء من طرف الآباء أو حتى المربين. الأمر الذي يحول دون الوصول إلى تربية سليمة سلوكيا، تربويا واجتماعيا وذلك لانعكاس الأذى الناتج عن هذا العنف على الأطفال بظهور مشاكل نفسية تمنعهم من التكيف الذاتي والاجتماعي.,FMPS_C020_QG20",lll,"التعزيز الايجابي,الاختبار التعزيز الايجابي,اشكال التعزيز الايجابي,الاختبار اشكال التعزيز الايجابي,انواع التعزيز الايجابي التربوي,الاختبار انواع التعزيز الايجابي التربوي,انواع التعزيز الايجابي التربوي,الاختبار انواع التعزيز الايجابي التربوي,التعزيز الايجابي الاجتماعي,الاختبار التعزيز الايجابي الاجتماعي,خلاصة عامة,الاختبار خلاصة عامة,الاختبار النهائي",,,,,,,,,,,,,,,,,
العنف التربوي الاعتيادي,FMPS_C021,"يعتبر العنف التربوي من المواضيع المهمة التي شغلت الباحثين والعلماء في التربية الحديثة، لما له من آثار وخيمة على تكوين وتكامل شخصية الطفل، بحيث يتمثل في العقوبات الجسدية والمعنوية المستخدمة في تربيتهم والتي تؤدي بهم إلى حالة من الخوف والقلق.
ويعد العنف التربوي الاعتيادي شكلا من أشكال العنف الذي يمارس كعقاب للأطفال بهدف تطويرهم وضبطهم وحتى تعليمهم، سواء من طرف الآباء أو حتى المربين. الأمر الذي يحول دون الوصول إلى تربية سليمة سلوكيا، تربويا واجتماعيا وذلك لانعكاس الأذى الناتج عن هذا العنف على الأطفال بظهور مشاكل نفسية تمنعهم من التكيف الذاتي والاجتماعي.,FMPS_C021_QG21",lll,"العنف التربوي الاعتيادي,الاختبار العنف التربوي الاعتيادي,اشكال العنف التربوي,الاختبار اشكال العنف التربوي,بعض الاثار السلبية للعنف التربوي الاعتيادي على الطفل,الاختبار بعض الاثار السلبية للعنف التربوي الاعتيادي على الطفل,المعتقدات الخاطئة حول العنف التربوي,الاختبار المعتقدات الخاطئة حول العنف التربوي,الاختبار النهائي",,,,,,,,,,,,,,,,,
إدارة الانضباط في قسم التعليم الأولي,FMPS_C022,"يعتبر العنف التربوي من المواضيع المهمة التي شغلت الباحثين والعلماء في التربية الحديثة، لما له من آثار وخيمة على تكوين وتكامل شخصية الطفل، بحيث يتمثل في العقوبات الجسدية والمعنوية المستخدمة في تربيتهم والتي تؤدي بهم إلى حالة من الخوف والقلق.
ويعد العنف التربوي الاعتيادي شكلا من أشكال العنف الذي يمارس كعقاب للأطفال بهدف تطويرهم وضبطهم وحتى تعليمهم، سواء من طرف الآباء أو حتى المربين. الأمر الذي يحول دون الوصول إلى تربية سليمة سلوكيا، تربويا واجتماعيا وذلك لانعكاس الأذى الناتج عن هذا العنف على الأطفال بظهور مشاكل نفسية تمنعهم من التكيف الذاتي والاجتماعي.,FMPS_C022_QG22",lll,"كيفية الحفاظ على الانضباط داخل قسم التعليم الأولي,الاختبار كيفية الحفاظ على الانضباط داخل قسم التعليم الأولي,بعض الحلول المقترحة لضبط قسم التعليم الأولي,الاختبار بعض الحلول المقترحة لضبط قسم التعليم الأولي,التعرف على الأسباب التي تؤثر على الانضباط داخل القسم,الاختبار التعرف على الأسباب التي تؤثر على الانضباط داخل القسم,أهداف ضبط قسم التعليم الأولي,الاختبار أهداف ضبط قسم التعليم الأولي,الاختبار النهائي",,,,,,,,,,,,,,,,,
بيداغوجيا المشروع,FMPS_C023,"إن الأطفال الذين يلتحقون بمؤسسة التعليم الأولي لايزالون في طور النمو، أي أنهم في مرحلة تعلم واكتساب المهارات والمعارف وهذا هو أحد الأسباب التي تجعل مرحلة التعليم الأولي تتميز بثراء وتنوع التعلم الذي سيتم بناءه، ولكي يتعلم الأطفال يجب أن يكونوا قادرين على التفكير، حل المشكلات..... مما يتطلب إعداد مواقف ووضعيات تعليمية يتم فيها تحفيزهم بشكل كاف ليكونوا قادرين على الملاحظة، وضع الفرضيات، التخيل، البحث والتعبير عن النفس. ,FMPS_C023_QG23",lll,"المقدمة,الاختبار المقدمة,تعريف بيداغوجية المشروع و تحديد كيفية التعلم من خلالها,الاختبار تعريف بيداغوجية المشروع و تحديد كيفية التعلم من خلالها,أهداف وغايات بيداغوجية المشروع,الاختبار أهداف وغايات بيداغوجية المشروع,المجالات التعلمية,الاختبار المجالات التعلمية,مراحل تنفيذ الأنشطة البيداغوجية,الاختبار مراحل تنفيذ الأنشطة البيداغوجية,التعرف على على دور المربي في بيداغوجيا المشروع,الاختبار التعرف على على دور المربي في بيداغوجيا المشروع,الاختبار النهائي",,,,,,,,,,,,,,,,,
الأنشطة الموازية في مرحلة التعليم الأولي,FMPS_C024,"يعتبر التعليم الأولي لبنة أساسية في بناء صرح شخصية الطفل، ومحطة مهمة لنموه وتنمية قدراته، فيصقل مواهبه ويطور معارفه وكفاءاته، اعتمادا على مجموعة من البرامج والأنشطة الهادفة، حيث أن في الوقت الحاضر أصبح الطفل محورا هاما وأساسيا في عملية التعلم، والتركيز يكون على نشاطه مع مراعاة خصائص نموه، وكيفية تعلمه واكتسابه الخبرات.,FMPS_C024_QG24",lll,"مفهوم الأنشطة الموازية و دورها في العملية التعليمية التعلمية,الاختبار مفهوم الأنشطة الموازية و دورها في العملية التعليمية التعلمية,الأهداف الخاصة للأنشطة الموازية,الاختبار الأهداف الخاصة للأنشطة الموازية,الأنشطة الموازية التي يمكن استثمارها في العملية التعليمية التعلمية,الاختبار الأنشطة الموازية التي يمكن استثمارها في العملية التعليمية التعلمية,الورشات الي يمكن تنظيمها داخل العملية التعليمية التعلمية و كفاياتها,الاختبار الورشات الي يمكن تنظيمها داخل العملية التعليمية التعلمية و كفاياتها,نصائح عامة للمربين لتطوير مختلف قدرات الأطفال و مهارتهم,الاختبار نصائح عامة للمربين لتطوير مختلف قدرات الأطفال و مهارتهم,الاختبار النهائي",,,,,,,,,,,,,,,,,
الصحة ورفاه الطفل,FMPS_C025,"تعد السنوات الخمس الأولى من حياة الطفل جد مهمة، حيث يقوم فيها بتكوين شخصيته وتطويرها، وهذا ما يجعل تربية الطفل في هذه السنوات أمرا يستوجب عناية فائقة من طرف مقدمي الرعاية (الوالدان، المربية...)، لذا فإن صحة ورفاه الطفل البدني، العقلي والعاطفي يعد واحدا من المواضيع التي لها أهمية كبيرة، لأنهم هم المستقبل. حيث أن من حق جميع الأطفال التمتع بالرعاية التي تعتبر ضرورية لرفاههم، بالإضافة للتمتع بالصحة الجيدة والتي ستساعدهم على النمو بشكل سليم والتفاعل الجيد مع الآخرين ثم التكيف والتطور. ,FMPS_C025_QG25",lll,"مفهوم صحة و رفاه الطفل و أهم ركائزه,الاختبار مفهوم صحة و رفاه الطفل و أهم ركائزه,طب الاطفال,الاختبار طب الاطفال,طب الأذن و الأنف و الحنجرة,الاختبار طب الأذن و الأنف و الحنجرة,طب العيون,الاختبار طب العيون,طب الأسنان,الاختبار طب الأسنان,الاختبار النهائي",,,,,,,,,,,,,,,,,
المهارات الحياتية والممارسات المهنية لمربي التعليم الاولي,FMPS_C026,"تهدف المصوغة الى تسليط الضوء على مدى أهمية تنمية المهارات الحياتية والممارسات المهنية لمربي التعليم الأولي في  تحسين جودة التعليم وتلبية احتياجات الأطفال بشكل أفضل على المستويات المعرفية والنفسية والاجتماعية, فتنمية المهارات الحياتية لدى المربي تعزز من ممارساته المهنية عبر تحسين التواصل الفعّال، التفكير النقدي، إدارة الوقت، التكيف والمرونة، التعاون والعمل الجماعي ...كما تشمل تنمية الوعي الذاتي والتنظيم العاطفي لتحقيق توازن بين الحياة المهنية والشخصية, كل  هذه المهارات تسهم في تقديم تعليم عالي الجودة، بناء علاقات إيجابية، وإدارة القسم بكفاءة، مما يعزز من تحقيق أهداف التعليم الأولي بشكل شامل وفعّال.,FMPS_C026_QG26",lll,"المهارات الحياتية و التواصل الفعال,الاختبار المهارات الحياتية و التواصل الفعال,أهمية تنمية المهارات الحياتية لدى المربي والاهداف المحققة من خلالها,الاختبار أهمية تنمية المهارات الحياتية لدى المربي والاهداف المحققة من خلالها,الأهداف العامة المحصلة لدى المربي من خلال تنميته لمهاراته الحياتية,الاختبار الأهداف العامة المحصلة لدى المربي من خلال تنميته لمهاراته الحياتية,الاتصال الرقمي و أهميته في الممارسات الحياتية و المهنية للمربي,الاختبار الاتصال الرقمي و أهميته في الممارسات الحياتية و المهنية للمربي,الاختبار النهائي",,,,,,,,,,,,,,,,,
تقدير الذات عند الطفل في مرحلة التعليم الاولي,FMPS_C027,"تهدف "" تقدير الذات عند الطفل "" كمصوغة الى تمكين المربين من فهم المفاهيم الأساسية المتعلقة بتقدير الذات لدى الأطفال في هذه المرحلة، بما في ذلك العوامل التي تؤثر على تطوره،كما و مساعدة المربيين في التعرف على السلوكيات والتفاعلات التي تعزز تقدير الذات الإيجابي لدى الأطفال، مثل التعزيز الإيجابي، والتشجيع، مما سيمكن المربيين في وقت لاحق من 
إنشاء بيئة تعلم آمنة ومحفزة ومحببة تعزز تطور تقدير الذات لدى الأطفال هذا وسنعمل من خلال هذه المصوغة من تمكنين المربيين من مجموعة من الاستراتيجيات والأنشطة التربوية التي يمكن استخدامها لتعزيز تقدير الذات لدى الأطفال,FMPS_C027_QG27",lll,"مفهوم تقدير الذات,الاختبار مفهوم تقدير الذات,بناء تقدير الذات لدى الطفل,الاختبار بناء تقدير الذات لدى الطفل,أهمية بناء تقدير الذات لدى الطفل,الاختبار أهمية بناء تقدير الذات لدى الطفل,علاقة تقدير الذات بالتعلمات,الاختبار علاقة تقدير الذات بالتعلمات,احترام الذات لدى الأطفال الذين يعانون من صعوبات في التعلم,الاختبار احترام الذات لدى الأطفال الذين يعانون من صعوبات في التعلم,الاختبار النهائي",,,,,,,,,,,,,,,,,
الألعاب التربوية,FMPS_C028,"تهدف هذه المصوغة الى التعريف باللعب وأهميته البالغة في حياة الطفل إذ يتعدى كونه مجرد تسلية إلى ضرورة حتمية قد تكون أقوى من ضرورة الغذاء والنوم. 
لقد أثبتت الدراسات التربوية القيمة الكبيرة للعب في اكتساب المعرفة ومهارات الوصول إليها إذا ما أحسن استعماله حيث لا ينبغي أن تقترن التعليمات بالحزن والأسى فلا شيء يمنع أن يتداخل الأمران (اللعب والتعلم) مما سيضفي على التعلم تشويقا وحماسة أكثر.,FMPS_C028_QG28",lll,"مصوغة اللعب في التعليم الاولي,الاختبار مصوغة اللعب في التعليم الاولي,الألعاب التربوية,الاختبار الألعاب التربوية,الالعاب الحسية,الاختبار الالعاب الحسية,الالعاب الشعبية,الاختبار الالعاب الشعبية,الاختبار النهائي",,,,,,,,,,,,,,,,,